MEGNEVEZÉS;Gazdasági esemény;T számla;K számla;;1;Tartozik oldalon nõ                Követel oldalon csökken Nyitás T+ oldalon;4;Tartozik oldalon csökken                Követel oldalon nõ Nyitás K+ oldalon
ANYAGFELHASZNÁLÁS;Anyagfelhasználás;511. Anyagköltség (21-22. Anyagok) T+;21-22. Anyagok (511. Anyagköltség) K-;;2;;9;
ANYAGBESZERZÉS, ANYAGVÁSÁRLÁS KÉSZPÉNZÉRT (Alapanyagok: 211. Anyagok);Anyagbeszerzés készpénzért;21-22. Anyagok (381. Pénztár) T+;381. Pénztár (21-22. Anyagok) K-;;3;;;
;Anyagbeszerzés áfa;466. Elõzetesen felszámított áfa (381. Pénztár) T-;381. Pénztár (466. Elõzetesen felszámított áfa) K-;;5;;5-9 Eredménykimutatást érinti;
ANYAGBESZERZÉS, ANYAGVÁSÁRLÁS  SZÁLLÍTÓTÓL                                                              (Halasztott fizetéssel pld. 30 napos fizetési határidõvel vagy nem ír a fizetésrõl);Anyagbeszerzés szállítótól ;21-22. Anyagok (454. Szállítók) T+;454. Szállítók (21-22. Anyagok) K+;;6;;;
;Anyagbeszerzés áfája;466. Elõzetesen felszámított áfa (454. Szállítók) T-;454. Szállítók (466. Elõzetesen felszámított áfa) K+;;7;;;
ANYAGVISSZAKÜLDÉS SZÁLLÍTÓNAK (A beszerzés lépésének visszafordítása!);Anyagbeszerzés;21-22. Anyagok (454. Szállítók) T+;454. Szállítók (21-22. Anyagok) K+;;8;;;
;Anyagbeszerzés áfa;466. Elõzetesen felszámított áfa (454. Szállítók) T-;454. Szállítók (466. Elõzetesen felszámított áfa) K+;;;;;
;Anyagvisszaküldés;454. Szállítók (21-22. Anyagok) T-;21-22. Anyagok (454. Szállítók) K-;;511. Anyagktg., ha anyagot felhasználásra veszünk;;;
;Anyagvisszaküldés áfa;454. Szállítók (466. Elõzetesen felszámított áfa) T-;466. Elõzetesen felszámított áfa (454. Szállítók) K+;;811. ELÁBÉ, ha értékesítési célra vesszük az anyagot;;;
ANYAGBESZERZÉS ENGEDMÉNY SZÁLLÍTÓTÓL MINÕSÉGI KIFOGÁS VAGY A JÓ PARTNERI KAPCSOLAT MIATT                                                               (A beszerzés lépésének visszafordítása, ugyan az, mint a visszaküldés);Anyagbeszerzés;21-22. Anyagok (454. Szállítók) T+;454. Szállítók (21-22. Anyagok) K+;;467. Fizetendõ áfa áruértékestésnél;;;
;Anyagbeszerzés áfa;466. Elõzetesen felszámított áfa (454. Szállítók) T-;454. Szállítók (466. Elõzetesen felszámított áfa) K+;;466. Árubeszerzés áfája;;;
;Anyagengedmény;454. Szállítók (21-22. Anyagok) T-;21-22. Anyagok (454. Szállítók) K-;;384. Elszámolási betétszámla, ha utalással teljesítjük a fizetést;;;
;Anyagengedmény áfa;454. Szállítók (466. Elõzetesen felszámított áfa) T-;466. Elõzetesen felszámított áfa (454. Szállítók) K+;;381. Pénztár, ha készpénzt használunk a vásárláshoz, illetve ha készpénzért értékesítettünk;;;
ANYAGHIÁNY, SELEJT;Anyaghiány/selejt;8693. Egyéb ráfordítások: hiány/selejt (21-22. Anyagok) T+;21-22. Anyagok (8693. Egyéb ráfordítások: hiány/selejt) K-;;91-92. Értékesítés nettó árbevétele, ha értékesítettem;;;
ÁRUBESZERZÉS SZÁLLÍTÓTÓL;Áruvásárlás;261. Nagykereskedelmi áruk (454. Szállítók) T+;454. Szállítók (261. Nagykereskedelmi áruk) K+;;441. Hosszú lejáratú kölcsön nem hitelintézettõl;;;
;Áruvásárlás áfa;466. Elõzetesen felszámított áfa (454. Szállítók) T-;454. Szállítók (466. Elõzetesen felszámított áfa) K+;;389. Pénzeszközök közötti átvezetés (bankszámlára nem lehet könyvelni addig, amíg meg nem jött a számlakivonat);;;
ÁRUBESZERZÉS SZÁLLÍTÓTÓL KÉSZPÉNZBEN;Áruvásárlás;261. Nagykereskedelmi áruk (381. Pénztár) T+;381. Pénztár (261. Nagykereskedelmi áruk) K-;;;;;
;Áruvásárlás áfa;466. Elõzetesen felszámított áfa (381. Pénztár) T-;381. Pénztár (466. Elõzetesen felszámított áfa) K-;;;;;
ÁRUVISSZAKÜLDÉS SZÁLLÍTÓNAK (A beszerzés lépésének visszafordítása!);Árubeszerzés;261. Nagykereskedelmi áruk (454. Szállítók) T+;454. Szállítók (261. Nagykereskedelmi áruk) T-;;;;;
;Árubeszerzés áfa;466. Elõzetesen felszámított áfa (454. Szállítók) T-;454. Szállítók (466. Elõzetesen felszámított áfa) K+;;;;;
;Áruvisszaküldés;454. Szállítók (261. Nagykereskedelmi áruk) T-;261. Nagykereskedelmi áruk (454. Szállítók) K-;;;;;
;Áruvisszaküldés áfája ;454. Szállítók (466. Elõzetesen felszámított áfa) T-;466. Elõzetesen felszámított áfa (454. Szállítók) K+;;;;;
ENGEDMÉNY SZÁLLÍTÓTÓL ÁRUBESZERZÉS UTÁN MINÕSÉGI KIFOGÁS VAGY A JÓ PARTNERI KAPCSOLAT MIATT  (A beszerzés lépésének visszafordítása, ugyan az, mint a visszaküldés);Árubeszerzés;261. Nagykereskedelmi áruk (454. Szállítók) T+;454. Szállítók (261. Nagykereskedelmi áruk) K+;;;;;
;Árubeszerzés áfa;466. Elõzetesen felszámított áfa (454. Szállítók) T-;454. Szállítók (466. Elõzetesen felszámított áfa) K+;;;;;
;Engedmény;454. Szállítók (261. Nagykereskedelmi áruk) T-;261. Nagykereskedelmi áruk (454. Szállítók) K-;;;;;
;Engedmény áfa;454. Szállítók (466. Elõzetesen felszámított áfa) T-;466. Elõzetesen felszámított áfa (454. Szállítók) K+;;;;;
SZÁLLÍTÓI SZÁMLA KIEGYENLÍTÉSE ÁTUTALÁSSAL, BANKÉRTESÍTÉS MEGÉRKEZETT;Árubeszerzés;261. Nagykereskedelmi áruk (454. Szállítók) T+;454. Szállítók (261. Nagykereskedelmi áruk) K+;;;;;
;Árubeszerzés áfa ;466. Elõzetesen felszámított áfa (454. Szállítók) T-;454. Szállítók (466. Elõzetesen felszámított áfa) K+;;;;;
;Kiegyenlítés átutalással;454. Szállítók (384. Elszámolási betétszámla) T-;384. Elszámolási betétszámla (454. Szállítók) K-;;;;;
ÁRUBESZERZÉS SZÁLLÍTÓTÓL, REKLAMÁCIÓ MIATTI VISSZAKÜLDÉS, SZÁMLAHELYESBÍTÉS, ENGEDMÉNY, FELE KIEGYENLÍTVE, BANKÉRTESÍTÉS MEGJÖTT;Árubeszerzés;261. Nagykereskedelmi áruk (454. Szállítók) T+;454. Szállítók (261. Nagykereskedelmi áruk) K+;;;;;
;Árubeszerzés áfa;466. Elõzetesen felszámított áfa (454. Szállítók) T-;454. Szállítók (466. Elõzetesen felszámított áfa) K+;;;;;
;Visszaküldés reklamáció;454. Szállítók (261. Nagykereskedelmi áruk) T-;261. Nagykereskedelmi áruk (454. Szállítók) K-;;;;;
;Visszaküldés áfa;454. Szállítók (466. Elõzetesen felszámított áfa) T-;466. Elõzetesen felszámított áfa (454. Szállítók) K+;;;;;
;Engedmény;454. Szállítók (261. Nagykereskedelmi áruk) T-;261. Nagykereskedelmi áruk (454. Szállítók) K-;;;;;
;Engedmény áfa;455. Szállítók (466. Elõzetesen felszámított áfa) T-;466. Elõzetesen felszámított áfa (454. Szállítók) K+;;;;;
;Kiegyenlítés;454. Szállítók (384. Elszámolási betétszámla) T-;384. Elszámolási betétszámla (454. Szállítók) K-;;;;;
ÁRUÉRTÉKESÍTÉS BEKERÜLÉSI ÉRTÉKE;Áruértékesítés;814. ELÁBÉ (261. Nagykereskedelmi áruk) T+;261. Nagykereskedelmi áruk (814. ELÁBÉ) K-;;;;;
ÁRUÉRTÉKESÍTÉS BELFÖLDRE KÉSZPÉNZÉRT;Áruértékesítés;381. Pénztár (91-92. Belföldi értékestés nettó árbevétele) T+;91-92. Belföldi értékesítés nettó árbevétele (381. Pénztár) K+;;;;;
;Áruértékesítés áfája;381. Pénztár (467. Fizetendõ áfa) T+;467. Fizetendõ áfa (381. Pénztár) K+;;;;;
ÁRUÉRTÉKESÍTÉS BELFÖLDI VEVÕNEK FIZETÉSI HATÁRIDÕVEL;Áruértékesítés eladási áron;311. Belföldi vevõk (91-92. Belföldi értékestés nettó árbevétele) T+;91-92. Belföldi értékesítés nettó árbevétele (311. Belföldi vevõk) K+;;;;;
;Áruértékesítés áfája;311. Belföldi vevõk (467. Fizetendõ áfa) T+;467. Fizetendõ áfa (311. Belföldi vevõk) K+;;;;;
ÁRUÉRTÉKESÍTÉS VISSZAKÜLDÉSÉNEK BEKERÜLÉSI ÉRTÉKE;Visszaküldött áru bekerülési értéke;261. Nagykereskedelmi áruk (814. ELÁBÉ) T+;814. ELÁBÉ (261. Nagykereskedelmi áruk) K-;;;;;
ÁRUÉRTÉKESÍTÉS VISSZAKÜLDÉSE BELFÖLDI VEVÕNEK FIZETÉSI HATÁRIDÕVEL;Áruvisszaküldés eladási áron;91-92. Belföldi értékesítés nettó árbevétele (311. Vevõk) T-;311. Belföldi vevõk ( 91-92. Belföldi értékesítés nettó árbevétele) K-;;;;;
;Visszaküldés áfája;467. Fizetendõ áfa (311. Belföldi vevõk) T-;311. Belföldi vevõk (467. Fizetendõ áfa ) K-;;;;;
ÁRUÉRTÉKESÍTÉS VISSZAKÜLDÉSE KÉSZPÉNZES VEVÕNEK;Áruvisszaküldés eladási áron;91-92. Értékesítés nettó árbevétele (381. Pénztár) T-;381. Pénztár (91-92. Értékesítés nettó árbevétele) K-;;;;;
;Áruvisszaküldés áfája ;467. Fizetendõ áfa (381. Pénztár) T-;381. Pénztár (467. Fizetendõ áfa) K-;;;;;
ÁRUÉRTÉKESÍTÉS ENGEDMÉNY BELFÖLDI VEVÕNEK;Engedmény eladási áron;91-92. Belföldi értékesítés nettó árbevétele (311. Belföldi vevõk) T-;311. Belföldi vevõk (91-92. Belföldi értékesítés nettó árbevétele) K-;;;;;
;Engedmény áfája;467. Fizetendõ áfa (311. Belföldi vevõk) T-;311. Belföldi vevõk (467. Fizetendõ áfa ) K-;;;;;
ÁRUÉRTÉKESÍTÉS KÜLFÖLDI VEVÕNEK KÉSZPÉNZÉRT                                                                           (nincs áfa!);Áruértékesítés eladási áron;381. Pénztár (93-94. Export értékesítés nettó árbevétele) T+;93-94. Export értékesítés nettó árbevétele (381. Pénztár) K+;;;;;
ÁRUÉRTÉKESÍTÉS KÜLFÖLDI VEVÕNEK FIZETÉSI HATÁRIDÕVEL  (nincs áfa!);Áruértékesítés eladási áron;317. Külföldi vevõk (93-94. Export értékesítés nettó árbevétele) T+;93-94. Export értékesítés nettó árbevétele (317 Külföldi vevõk) K+;;;;;
ÁRUÉRTÉKESÍTÉS VISSZAKÜLDÉSE KÜLFÖLDI VEVÕNEK (nincs áfa!);Áruvisszaküldés eladási áron;93-94. Export értékesítés nettó árbevétele (317. Külföldi vevõk) T+;317. Külföldi vevõk (93-94. Export értékesítés nettó árbevétele) K+;;;;;
ÁRUÉRTÉKESÍTÉS VISSZAKÜLDÉSE KÜLFÖLDI VEVÕNEK KÉSZPÉNZBEN (nincs áfa)!;Áruvisszaküldés eladási áron;93-94. Export értékesítés nettó árbevétele (381. Pénztár) T-;381. Pénztár (93-94. Export értékesítés nettó árbevétele) K-;;;;;
ÁRUÉRTÉKESÍTÉS ENGEDMÉNY KÜLFÖLDI VEVÕNEK (nincs áfa!);Engedmény eladási áron;93-94. Export értékesítés nettó árbevétele (317. Külföldi vevõk) T+;317. Külföldi vevõk (93-94. Export értékesítés nettó árbevétele) K-;;;;;
ÁRUHIÁNY, SELEJT;Áruhiány, selejt;8693. Egyéb ráfordítások: hiány/selejt (261. Nagykereskedelmi áruk) T+;261. Nagykereskedelmi áruk (8693. Egyéb ráfordítások) K-;;;;;
… BEKERÜLÉSI ÉRTÉKÛ ANYAGVÁSÁRLÁS, ÉRTÉKESÍTÉS KÉSZPÉNZÉRT (Érinti az eredménykimutatást!);Áruértékesítés bekerülési értéke;814. ELÁBÉ (261. Nagykereskedelmi áruk) T+;261. Nagykereskedelmi áruk (814. ELÁBÉ) K-;;;;;
;Áruértékesítés eladási ára;381. Pénztár (91-92. Belföldi értékestés nettó árbevétele) T+;91-91. Belföldi értékesítés nettó árbevétele (381. Pénztár) K+;;;;;
;Áruértékesítés áfája;381. Pénztár (467. Fizetendõ áfa) T+;467. Fizetendõ áfa (381. Pénztár) K+;;;;;
…. BEKERÜLÉSI ÉRTÉKÛ ÁRU ÉRTÉKESÍTÉSE VEVÕNEK                                                                          (nincs megadva fizetés, érinti az eredménykimutatást);Áruértékesítés bekerülési értéke;814. ELÁBÉ (261. Nagykereskedelmi áruk) T+;261. Nagykereskedelmi áruk (814. ELÁBÉ) K-;;;;;
;Áruértékesítés eladási ára;311. Vevõk (91-92. Belföldi értékesítés nettó árbevétele) T+;91-92. Belföldi értékesítés nettó árbevétele (311. Vevõk) K+;;;;;
;Áruértékesítés áfája;311. Vevõk (467. Fizetendõ áfa) T+;467. Fizetendõ áfa (311. Vevõk) K+;;;;;
… BEKERÜLÉSI ÉRTÉKÛ ÁRU ÉRTÉKESÍTÉSE, MINÕSÉGI KIFOGÁS MIATT … % ÁRUVISSZAKÜLDÉS                                           (visszafordul a tranzakció, érinti az eredménykimutatást);Áruértékesítés bekerülési értéke;814. ELÁBÉ (261. Nagykereskedelmi áruk) T+;261. Nagykereskedelmi áruk (814. ELÁBÉ) K-;;;;;
;Áruértékesítés eladási ára;311. Vevõk (91-92. Belföldi értékesítés) T+;91-92. Belföldi értékesítés nettó árbevétele (311. Vevõk) K+;;;;;
;Áruértékesítés áfája;311. Vevõk (467. Fizetendõ áfa) T+;467. Fizetendõ áfa (311. Vevõk) K+;;;;;
;Visszaküldés bekerülési értéke;261. Nagykereskedelmi áruk (814. ELÁBÉ) T+;814. ELÉBÉ (261. Nagykereskedelmi áruk) K-;;;;;
;Visszaküldés eladási ára;91-92. Belföldi értékesítés nettó árbevétele (311. Vevõk) T-;311. Vevõk (91-92. Belföldi értékesítés nettó árbevétele) K-;;;;;
;Visszaküldés áfája;467. Fizetendõ áfa (311. Vevõk) T-;311. Vevõk (467. Fizetendõ áfa) K-;;;;;
… BEKERÜLÉSI ÉRTÉKÛ ÁRU ÉRTÉKESÍTÉSE, … %-OS VEVÕI ENGEDMÉNY MINÕSÉGI KIFOGÁS MIATT, ENGEDMÉNY ELFOGADVA (visszafordul, érinti az eredménykimutatást);Áruértékesítés bekerülési értéke;814. ELÁBÉ (261. Nagykereskedelmi áruk) T+;261. Nagykereskedelmi áruk (814. ELÁBÉ) K-;;;;;
;Áruértékesítés eladási ára;311. Vevõk (91-92. Belföldi értékesítés nettó árbevétele) T+;91-92. Belföldi értékesítés nettó árbevétele (311. Vevõk) K+;;;;;
;Áruértékesítés áfája;311. Vevõk (467. Fizetendõ áfa) T+;467. Fizetendõ áfa (311. Vevõk) K+;;;;;
;Engedmény eladási ára;91-92. Belföldi értékesítés nettó árbevétele (311. Vevõk) T-;311. Vevõk (91-92. Belföldi értékesítés nettó árbevétele) K-;;;;;
;Engedmény áfája;467. Fizetendõ áfa (311. Vevõk) T-;311. Vevõk (467. Fizetendõ áfa) K-;;;;;
KÖLCSÖN NYÚJTÁSA ÉVEN TÚLRA, BANKÉRTESÍTÉS MEGÉRKEZETT, TÖRLESZTÕ RÉSZLETET ÉS KAMATOT IS UTALT                                              (befektetett pénzügyi eszköz, érinti az eredménykimutatást);Kölcsön nyújtása éven túlra;194. Egyéb tartósan adott kölcsön (384. Elszámolási betétszámla) T+;384. Elszámolási betétszámla (194. Egyéb tartósan adott kölcsön) K-;;;;;
;Adott kölcsön törlesztése;384. Elszámolási betétszámla (194. Egyéb tartósan adott kölcsön)  T+;194. Egyéb tartósan adott kölcsön (384. Elszámolási betétszámla) K-;;;;;
;Adott kölcsön kapott kamata;384. Elszámolási betétszámla (97. Pénzügyi bevételek) T+;97. Pénzügyi bevételek (384. Elszámolási betétszámla) K+;;;;;
;Adott kölcsön átsorolása;364. Rövid lejáratra adott kölcsön (194. Egyéb tartósan adott kölcsön) T+;194. Egyéb tartósan adott kölcsön (384. Elszámolási betétszámla) K-;;;;;
;Kapott kamat elhatárolása;391. Bevételek AIE (973. Befektetett pénzügyi eszközök kamatai és árfolyamnyeresége) T+;973. Befektetett pénzügyi eszközök kamatai és árfolyamnyeresége (391. Bevételek AIE) K+;;;;;
KÖLCSÖN NYÚJTÁSA ÉVEN BELÜLRE, BANKÉRTESÍTÉS MEGÉRKEZETT, TÖRLESZTÕ RÉSZLETET ÉS KAMATOT IS UTALT, BANKÉRTESÍTÉS MEGÉRKEZETT;Kölcsön nyújtása éven belülre;364. Rövid lejáratra adott kölcsön (384. Elszámolási betétszámla) T+;384. Elszámolási betétszámla (364. Rövid lejáratra adott kölcsön) K-;;;;;
;Adott kölcsön törlesztése;384. Elszámolási betétszámla (364. Rövid lejáratra adott kölcsön) T+;364. Rövid lejáratra adott kölcsön (384. Elszámolási betétszámla) K-;;;;;
;Adott kölcsön kapott kamata;384. Elszámolási betétszámla (97. Pénzügyi bevételek) T+;97. Pénzügyi bevételek (384. Elszámolási betétszámla) K+;;;;;
HITELFELVÉTEL HOSSZÚ TÁVRA – 2 ÉV, A CÉG ÁTUTALJA A TÖRLESZTÕ RÉSZLETET, ÉS KAMATOT, BANKÉRTESÍTÉS MEGÉRKEZETT (év végén át kell sorolni a következõ évi  törlesztõ részletet);Hitelfelvétel éven túlra;384. Elszámolási betétszámla (445.Egyéb hosszú lejáratú hitelek) T+;445. Egyéb hosszú lejáratú hitelek (384. Elszámolási betétszámla) K+;;;;;
;Következõ évi törlesztõ részlet átsorolása;445. Egyéb hosszú lejáratú hitelek (452. Egyéb rövid lejáratú hitelek) T-;452. Egyéb rövid lejáratú hitelek (445. Egyéb hosszú lejáratú hitelek) K+;;;;;
;Hitel törlesztése;452. Rövid lejáratú hitelek (384. Elszámolási betétszámla) T-;384. Elszámolási betétszámla (452. Rövid lejáratú hitelek) K-;;;;;
;Hitel kamata;873. Fizetendõ kamatok és kjr (384. Elszámolási betétszámla) T+;384. Elszámolási betétszámla (873. Fizetendõ kamatok) K-;;;;;
HITELFELVÉTEL RÖVID TÁVRA - 2 HÓNAP, TÖRLESZTÕRÉSZLET ÉS KAMAT ÁTUTALÁSA, BANKÉRTESÍTÉS MEGÉRKEZETT (érinti az eredménykimutatást);Hitelfelvétel éven belül ;384. Elszámolási betétszámla (452. Rövid lejáratú hitelek) T+;452. Rövid lejáratú hitelek (384. Elszámolási betétszámla) K+;;;;;
;Hitel törlesztése;452. Rövid lejáratú hitelek (384. Elszámolási betétszámla) T+;384. Elszámolási betétszámla (452. Rövid lejáratú hitelek) K-;;;;;
;Hitel kamata;873. Fizetendõ kamatok és kjr (384. Elszámolási betétszámla) T+;384. Elszámolási betétszámla (873. Fizetendõ kamatok) K-;;;;;
BÉRLETI DÍJ (IGÉNYBE VETT SZOLGÁLTATÁSOK);Szolgáltatás igénybe vétele;522. Bérleti díjak - igénybe vett szolgáltatások értéke (454. Szállítók) T+;454. Szállítók (522. Bérleti díjak -igénybe vett szolgáltatások értéke) K+;;;;;
;Áfa;466. Elõzetesen felszámított áfa (454. Szállítók) T-;454. Szállítók (466. Elõzetesen felszámított áfa)  K+;;;;;
PÉNZESZKÖZÖK KÖZÖTTI ÁTVEZETÉS, BANKSZÁMLÁRÓL KP PÉNZFELVÉTEL, BANKKIVONAT MEGÉRKEZIK, BETESZÜNK PÉNZT A BANKBA, BANKKIVONAT MEGÉRKEZIK;Pénzfelvétel;381. Pénztár (389. Átvezetési számla) T+;389. Átvezetési számla (381. Pénztár) K-;;;;;
;Pénzfelvétel bankkivonat alapján;389. Átvezetési számla (384. Elszámolási betétszámla) T+;384. Elszámolási betétszámla (389. Átvezetési számla) K-;;;;;
;Pénzbefizetés bankszámlára;389. Átvezetési számla (381. Pénztár) T+;381. Pénztár (Átvezetési számla) K-;;;;;
;Pénzbefizetés bankszámlára bankkivonat alapján;384. Elszámolási betétszámla (389. Átvezetési számla) T+;389. Átvezetési számla (384. Elszámolási betétszámla) K-;;;;;
BÉRSZÁMFEJTÉS-BÉRKÖLTSÉG;Bruttó bér számfejtése;541. Bérköltség (471. Jövedelemelszámolási számla) T+;471. Jövedelemelszámolási számla (541. Bérköltség) K+;;;;;
;Betegszabadság;5511. betegszabadság költség (471. Jövedelemelszámolási számla) T+;471. Jövedelemelszámolási számla (5511. Betegszabadság) K+;;;;;
BÉRSZÁMFEJTÉS-BÉRJÁRULÉKOK LEVONÁSA DOLGOZÓTÓL, BÉRJÁRULÉK SZÁMFEJTÉSE;Személyi jövedelemadó vagy SZJA kötelezettség (15%) és annak levonása;471. Jövedelemelszámolási számla (462. Személyi jövedelemadó kötelezettség) T-;462. Személyi jövedelemadó kötelezettség (471. Jövedelemelszámolási számla) K+;;;;;
;Társadalombiztosítási járulék vagy TB (18,5%) és annak levonása;471. Jövedelemelszámolási számla (473. Társadalombiztosítási kötelezettség) T-;473. Társadalombiztosítási kötelezettség  (471. Jövedelemelszámolási számla ) K+;;;;;
;Szociális hozzájárulási adó vagy SZOCHO (13%) és annak levonása;561. Szociális hozzájárulási adó (463. Költségvetési befizetési kötelezettség) T+;463. Költségvetési befizetési kötelezettség (561. Szociális hozzájárulási adó) K+;;;;;
BÉRSZÁMFEJTÉS-LETILTÁS MUNKABÉRBÕL;Bírói letiltás levonása;471. Jövedelemelszámolási számla (4762. Bírói letiltás) T-;4762. Bírói letiltás (471. Jövedelemelszámolási számla)  K+;;;;;
BÉRSZÁMFEJTÉS-BÉRJÁRULÉKOK, LETILTÁS, NETTÓ BÉR ÁTUTALÁSA;Személyi jövedelemadó vagy SZJA kötelezettség átutalása;462. Személyi jövedelemadó kötelezettség (384. Elszámolási betétszámla) T-;384. Elszámolási betétszámla (463. Személyi jövedelemadó kötelezettség) K-;;;;;
;Társadalombiztosítási járulék vagy TB kötelezettség átutalása;473. Társadalombiztosítási kötelezettség (384. Elszámolási betétszámla) T-;384. Elszámolási betétszámla (473. Társadalombiztosítási kötelezettség) K-;;;;;
;Bírói letiltás átutalása;4762. Bírói letiltás (384. Elszámolási betétszámla) T-;384. Elszámolási betétszámla (4762. Bírói letiltás) K-;;;;;
;Szociális hozzájárulási adó vagy bérjárulék átutalása;464. Költségvetési befizetési kötelezettség teljesítése (384. Elszámolási betétszámla) T-;384. Elszámolási betétszámla (464. Költségvetési befizetési kötelezettség teljesítése) K-;;;;;
;Nettó bér átutalása;471. Jövedelemelszámolási számla (384. Elszámolási betétszámla) T-;384. Elszámolási betétszámla (471. Jövedelemelszámolási számla) K-;;;;;
BÉRSZÁMFEJTÉS-NETTÓ BÉR KIFIZETÉSE KÉSZPÉNZBEN, PÉNZTÁRI BIZONYLAT ALAPJÁN;Nettó bér kifizetése készpénzben;471. Jövedelemelszámolási számla (381. Pénztár) T-;381. Pénztár (471. Jövedelemelszámolási számla) K-;;;;;
BÉRSZÁMFEJTÉS-;Készpénz felvét bérfizetéshez;381. Pénztár (389. Átvezetési számla) T+;389. Átvezetési számla (381. Pénztár) K-;;;;;
BÉRSZÁMFEJTÉS-;Készpénz felvét bankértesítése;389. Átvezetési számla (384. Elszámolási betétszámla) T+;384. Elszámolási betétszámla (389. Átvezetési számla) K-;;;;;
BÉRSZÁMFEJTÉS-MEGÉRKEZIK A BANKKIVONAT A BÉR FELVÉTELÉRÕL;Bankkivonat pénzfelvételrõl;389. Átvezetési számla (384. Elszámolási betétszámla) T+;384. Elszámolási betétszámla (389. Átvezetési számla) K-;;;;;
BÉRSZÁMFEJTÉS-FEL NEM VETT NETTÓ BÉR VISSZAVÉTELE PÉNZTÁRI BIZONYLAT ALAPJÁN;Fel nem vett nettó bér vagy járandóság;381. Pénztár (472. Fel nem vett járandóság) T+;472. Fel nem vett járandóság (381. Pénztár) K+;;;;;
BÉRSZÁMFEJTÉS-FEL NEM VETT JÁRANDÓSÁG UTÓLAGOS KIFIZETÉSE PÉNZTÁRI BIZONYLAT ALAPJÁN (visszafordul);Fel nem vett nettó bér vagy járandóság utólagos kifizetése;472. Fel nem vett járandóság (381. Pénztár) T-;381. Pénztár (472. Fel nem vett járandóság) K-;;;;;
BERUHÁZÁSOK-TERMELÕGÉP (TÁRGYI ESZKÖZ) BERUHÁZÁS ;Pénzátutalás bankszámla értesítés alapján (bankértesítés elõtt, átvezetési számlán);389. Átvezetési számla (384. Elszámolási betétszámla) T+;384. Elszámolási betétszámla (389. Átvezetési számla) K-;;;;;
;Pénz jóváírása, értesítõ megérkezik az elkülönítésrõl;385. Elkülönített betétszámla (389. Átvezetési számla) T+;389. Átvezetési számla (385. Elkülönített betétszámla) K-;;;;;
;Gépbeszerzés, vásárlás;161. Befejezetlen beruházások (455. Beruházási szállítók) T+;455. Beruházási szállítók (161. Befejezetlen beruházások) K+;;;;;
;Gépbeszerzés, vásárlás áfája;466. Elõzetesen felszámított áfa (455. Beruházási szállítók) T-;455. Beruházási szállítók (466. Elõzetesen felszámított áfa) K+;;;;;
;Szállítási költség készpénzben fizetve;161. Befejezetlen beruházások (381. Pénztár) T+;381. Pénztár (161. Befejezetlen beruházások) K-;;;;;
;Szállítási költség  fizetve;466. Elõzetesen felszámított áfa (381. Pénztár) T-;381. Pénztár (466. Elõzetesen felszámított áfa) K-;;;;;
;Gépbeszerzés engedmény szállítótól (pld. a gép árából);455. Beruházási szállítók (161. Befejezetlen beruházások) T-;161. Befejezetlen beruházások (455. Beruházási szállítók) K-;;;;;
;Gépbeszerzés engedmény szállítótól áfája;455. Beruházási szállítók (466. Elõzetesen felszámított áfa) T-;466. Elõzetesen felszámított áfa (455. Beruházási szállítók) K+;;;;;
;Hitel felvétele (hitel összege nem része a beruházásnak);384. Elszámolási betétszámla (444. Beruházási, fejlesztési hitelek) T+;444. Beruházási, fejlesztési hitelek (384. Elszámolási betétszámla) K+;;;;;
;Folyósítási jutalék;161. Befejezetlen beruházások (384. Elszámolási betétszámla) T+;384. Elszámolási betétszámla (161. Befejezetlen beruházások) K-;;;;;
;Saját kivitelezésû üzembe helyezés közvetlen költsége ;5. Költségek (1-4. Források) T;1-4. Eszközök/Források (5. Költségek) K;;;;;
;Saját teljesítmány állományba vétele, a gép üzembe helyezési költségeinek aktiválása (bérktg, anyagktg, bérjárulék külön-külön könyvelése is, korábban már ezek részletezésre kerültek máshol);161. Befejezetlen beruházások (582.SEEAÉ) T+;582. SEEAÉ (161. Befejezetlen beruházások) K+;;;;;
;Üzembe helyezés költségeinek az áfája;466. Elõzetesen felszámított áfa (467. Fizetendõ áfa) T-;467. Fizetendõ áfa (466. Elõzetesen felszámított áfa) K+;;;;;
;Szállító kiegyenlítése (elkülönített betétszámla összege);455. Beruházási szállítók (385. Elkülönített betétszámla) T-;385. Elkülönített betétszámla (455. Beruházási szállítók) K-;;;;;
;Szállító kiegyenlítése (elszámolási betétrõl utalt összeg: bruttó vételár-bruttó engedmény-elkülönített betét összege);455. Beruházási szállítók (384. Elszámolási betétszámla) T-;384. Elszámolási betétszámla (455. Beruházási szállítók) K-;;;;;
;Hitel törlesztése, átutalása, bankértesítõ megérkezett;444. Beruházási és fejlesztési hitelek (384. Elszámolási betétszámla) T-;384. Elszámolási betétszámla (444. Beruházási és fejlesztési hitelek) -;;;;;
;Hitel kamata (hitel összege / 100 x …% kamatlábbal = éves kamat / 12 hó = havi kamat x eltelt hónapok száma = üzembe helyezésig felmerült kamat);161. Befejezetlen beruházások (384. Elszámolási betétszámla) T+;384. Elszámolási betétszámla (161. Befejezetlen beruházások) K-;;;;;
;Kamat jóváírása (lekötött betétre járó kamat a bankszámlára: elkülönített betét összege / 100 x …% = éves kamat /12 hó = havi kamat x eltelt hónapok száma = jóváírt kamat);384. Elszámolási betétszámla (161. befejezetlen beruházások) T+;161. befejezetlen beruházások (384. Elszámolási betétszámla) K-;;;;;
;Termelõgép aktiválása, üzembe helyezés, A 161. Befejezetlen beruházások egyenlegét átvezetjük az állományi számlára: T+ - K- (123. Ingatlan, épület, 131. Termelõgép, mûszaki gépek, berendezések bruttó értéke 143. Egyéb gépek, berendezések bruttó értéke);131. Mûszaki gépek, berendezések bruttó értéke (161. befejezetlen beruházások) T-;161. Befejezetlen beruházások (131. Mûszaki gépek, berendezések bruttó értéke) K-;;;;;
TERV SZERINTI ÉRTÉKCSÖKKENÉS;Ingatlanok terv szerinti értékcsökkenése;571. Értékcsökkenési leírás költsége (129. Ingatlanok halmozott terv szerinti értékcsökkenése) T+;129. Ingatlanok halmozott terv szerinti értékcsökkenése (571. Értékcsökkenési leírás költsége) K+;;;;;
;Mûszaki gépek terv szerinti értékcsökkenése;571. Értékcsökkenési leírás költsége (139. Mûszaki gépek halmozott terv szerinti értékcsökkenése) T+;139. Mûszaki gépek halmozott terv szerinti értékcsökkenése (571. Értékcsökkenési leírás költsége) K+;;;;;
;Egyéb gépek terv szerinti értékcsökkenése (pld. Számítógép);571. Értékcsökkenési leírás költsége (149. Egyéb gépek halmozott terv szerinti értékcsökkenése) T+;149. Egyéb gépek halmozott terv szerinti értékcsökkenése (571. Értékcsökkenési leírás költsége) K+;;;;;
TÁRGYI ESZKÖZ GAZDÁLKODÁS – APPORTBA VÉTEL;Tárgyi eszköz apportba vétel;161. Befejezetlen beruházások (479. Egyéb RLK) T+;479. Egyéb RLK (161. Befejezetlen beruházások) K+;;;;;
;Üzembe helyezési költség;161. Befejezetlen beruházások (455. Beruházási szállítók) T+;455. Beruházási szállítók (161. Befejezetlen beruházások) K+;;;;;
; Üzembe helyezési költség áfája;466. Elõzetesen felszámított áfa (455. Beruházási szállítók) T-;455. Beruházási szállítók (466. Elõzetesen felszámított áfa) K+;;;;;
;Üzembe helyezés;131. Mûszaki gépek, berendezések bruttó értéke (161. beruházások) T+;161. Befejezetlen beruházások (131. Mûszaki gépek, berendezések bruttó értéke) K-;;;;;
;Tárgyévi terv szerinti ÉCS elszámolása;571. Értékcsökkenési leírás költsége (139. Mûszaki gépek, berendezések terv szerinti értékcsökkenése) T+;139. Mûszaki gépek, berendezések terv szerinti értékcsökkenése (571. Értékcsökkenési leírás költsége) K-;;;;;
;Kp utalás bevételezése;384. Elszámolási betétszámla (479. Egyéb RLK) T+;479. Egyéb RLK (384. Elszámolási betétszámla) K+;;;;;
;Tõkeemelés bejegyzése;33. Jegyzett, de be nem fizetett tõke (411. Jegyzett tõke) T+;411. Jegyzett tõke (33. Jegyzett, de be nem fizetett tõke) K+;;;;;
;Tõkeemelés rendezõ tétele;479. Egyéb RLK (33. Jegyzett, de be nem fizetett tõke) T-;33. Jegyzett, de be nem fizetett tõke (479. Egyéb RLK) K-;;;;;
;Kp utalás bevételezése;384. Elszámolási betétszámla (33. Jegyzett, de be nem fizetett tõke) T+;33. Jegyzett, de be nem fizetett tõke (384.) K-;;;;;
TÁRGYI ESZKÖZ GAZDÁLKODÁS – MÛSZAKI GÉP ÉRTÉKESÍTÉS;Nyitás;131. Mûszaki gépek, berendezések bruttó értéke (491. Nyitómérleg számla) T+;491. Nyitómérleg számla (131. Mûszaki gépek, berendezések bruttó értéke) K+;;;;;
;Nyitás;491. Nyitómérleg számla (139. Mûszaki gépek, berendezések halmozott terv szerinti értékcsökkenése) T-;139. Mûszaki gépek, berendezések halmozott terv szerinti értékcsökkenése (571. Értékcsökkenési leírás költsége) K-;;;;;
;Tárgyév terv szerinti ÉCS elszámolása;571. Értékcsökkenési leírás költsége (139. Mûszaki gépek, berendezések halmozott terv szerinti értékcsökkenése) T+;139. Mûszaki gépek, berendezések halmozott terv szerinti értékcsökkenése (571. Értékcsökkenési leírás költsége) K-;;;;;
;Bekerülési érték kivezetése;368. Technikai számla (131. Mûszaki gépek, berendezések bruttó értéke) T+;131. Mûszaki gépek, berendezések bruttó értéke (368. Technikai számla) K-;;;;;
;Halmozott terv szerinti ÉCS kivezetése;139. Mûszaki gépek, berendezések halmozott terv szerinti értékcsökkenése (368. Technikai számla) T+;368. Technikai számla (139. Mûszaki gépek, berendezések halmozott terv szerinti értékcsökkenése) K;;;;;
;Eladási ár;311. Belföldi vevõk (368. Technikai számla) T+;368. Technikai számla (311. Belföldi vevõk) K+;;;;;
;Eladási ár áfája;311. Belföldi vevõk (467. Fizetendõ áfa) T+;467. Fizetendõ áfa (311. Belföldi vevõk) K+;;;;;
;TE értékesítés nyeresége/eredménye;368. Technikai számla (961. Egyéb bevételek) T+;961. Egyéb bevételek (368. technikai számla) K+;;;;;
TÁRGYI ESZKÖZ GAZDÁLKODÁS - MÛSZAKI GÉP KÁRESEMÉNY;Nyitás;13. Mûszaki gépek, berendezések bruttó értéke (491. Nyitómérleg számla) T+;491. Nyitómérleg számla (13. Mûszaki gépek, berendezések bruttó értéke) K-;;;;;
;Nyitás;491. Nyitómérleg számla (139. Mûszaki gépek, berendezések halmozott terv szerinti értékcsökkenése) T-;139. Mûszaki gépek, berendezések halmozott terv szerinti értékcsökkenése (491. nyitómérleg számla) K-;;;;;
;Tárgyévi terv szerinti ÉCS elszámolása;571. Értékcsökkenési leírás költsége (139. Mûszaki gépek, berendezések halmozott terv szerinti értékcsökkenése) T+;139. Mûszaki gépek, berendezések halmozott terv szerinti értékcsökkenése (571. Értékcsökkenési leírás költsége) K-;;;;;
;Terven felüli ÉCS elszámolása;8664. Egyéb ráfordítások (138. Mûszaki gépek, berendezések terven felüli értékcsökkenése) T+;138. Mûszaki gépek, berendezések terven felüli értékcsökkenése (8664. Egyéb ráfordítások) K-;;;;;
;Halmozott terv szerinti ÉCS kivezetése;139. Mûszaki gépek, berendezések halmozott terv szerinti értékcsökkenése (13. Mûszaki gépek, berendezések bruttó értéke) T+;13. Mûszaki gépek, berendezések bruttó értéke (139. Mûszaki gépek, berendezések halmozott terv szerinti értékcsökkenése) K-;;;;;
;Terven felüli ÉCS kivezetése;138. Mûszaki gépek, berendezések terven felüli értékcsökkenése (13. Mûszaki gépek, berendezések bruttó értéke) T+;13. Mûszaki gépek, berendezések bruttó értéke (138. Mûszaki gépek, berendezések terven felüli értékcsökkenése) K-;;;;;
;Hulladék raktárra vétele;227. Hulladékok (13. Mûszaki gépek, berendezések bruttó értéke) T+;13. Mûszaki gépek, berendezések bruttó értéke (227. Hulladékok) K-;;;;;
;Biztosító térítése;368. Egyéb követelések (9631. Egyéb bevételek, biztosító térítése) T+;9631. Egyéb bevételek, biztosító térítése (368. Egyéb követelések) K+;;;;;
TÁRGYI ESZKÖZ GAZDÁLKODÁS TÉRÍTÉS NÉLKÜLI ÁTADÁS ;Bekerülési érték kivezetése;8686. Egyéb ráfordítások (13. Mûszaki gépek, berendezések bruttó értéke) T+;13. Mûszaki gépek, berendezések bruttó értéke (8686. Egyéb ráfordítások) K-;;;;;
;Halmozott terv szerinti ÉCS kivezetése;139. Mûszaki gépek, berendezések halmozott terv szerinti értékcsökkenése (8686. Egyéb ráfordítások) T+;8686. Egyéb ráfordítások (139. Mûszaki gépek, berendezések halmozott terv szerinti értékcsökkenése) K-;;;;;
;Áthárítja az áfa;8686. Egyéb ráfordítások (467. Fizetendõ áfa) T+;467. Fizetendõ áfa (8686. Egyéb ráfordítások) K+;;;;;
;Nem hárítja át az áfa;368. Egyéb követelések (467. Fizetendõ áfa) T+;467. Fizetendõ áfa (368. Egyéb követelések) K+;;;;;
TÁRGYI ESZKÖZ GAZDÁLKODÁS TÉRÍTÉS NÉLKÜLI ÁTVÉTEL;Térítés nélküli átvétel;161. Befejezetlen beruházások (9686. Egyéb bevételek) T+;9686. Egyéb bevételek (161. Befejezetlen beruházások) K+;;;;;
;Térítés nélküli átvétel áfája;466. Elõzetesen felszámított áfa (479. Egyéb RLK) T+;479. Egyéb RLK (466. Elõzetesen felszámított áfa) K+;;;;;
;Bevétel elhatárolása;9686. Egyéb bevételek (483. Halasztott bevételek) T-;483. Halasztott bevételek (9686. Térítés nélkül átvett, ajándékként, hagyatékként kapott …) K+;;;;;
;Elhatárolás visszavezetése;483. Halasztott bevételek PIE (9686. Egyéb bevételek) T-;9686. Egyéb bevételek (483. Halasztott bevételek) K+;;;;;
TÁRGYI ESZKÖZ GAZDÁLKODÁS – INGATLAN ÉRTÉKESÍTÉS;Ingatlan értékesítés bruttó értéke (bekerülési érték);3688. Immateriális javak és tárgyi eszközök elszámolási számla (123. Ingatlanok bruttó értéke) T+;123. Ingatlanok bruttó értéke (3688. Immateriális javak és tárgyi eszközök elszámolási számla) K+;;;;;
;Ingatlan értékesítés terven felüli ÉCS kivezetése;128. Ingatlanok terven felüli értékcsökkenése (3688. Immateriális javak és tárgyi eszközök elszámolási számla) T+;3688. Immateriális javak és tárgyi eszközök elszámolási számla (128. Ingatlanok terven felüli értékcsökkenése) K-;;;;;
;Ingatlan értékesítés terv szerinti ÉCS kivezetése;129. Ingatlanok halmozott terv szerinti értékcsökkenése (3688. Immateriális javak és tárgyi eszközök elszámolási számla) T+;3688. Immateriális javak és tárgyi eszközök elszámolási számla (129. Ingatlanok halmozott terv szerinti értékcsökkenése) K-;;;;;
;Ingatlan eladási ára (épület értékesítésének bevétele);311. Belföldi vevõk (3688. Immateriális javak és tárgyi eszközök elszámolási számla) T+;3688. Immateriális javak és tárgyi eszközök elszámolási számla (311. Belföldi vevõk) K-;;;;;
;Ingatlan eladási ár (épület értékesítés bevétel áfa) áfája;311. Belföldi vevõk (467. Fizetendõ áfa) T+;467. Fizetendõ áfa (311. Belföldi vevõk) K+;;;;;
;Értékesítés engedménye;861. Egyéb ráfordítások (3688. Immateriális javak és tárgyi eszközök elszámolási számla) T+;3688. Immateriális javak és tárgyi eszközök elszámolási számla (861. Egyéb ráfordítások) K-;;;;;
TÁRGYI ESZKÖZ GAZDÁLKODÁS HITELLEL ÉS TÉRÍTÉS NÉLKÜLI ÁTVÉTELLEL                                        (ha ingatlan, mûszaki gép és befejezetlen beruházás is van);Nyitás;12. Ingatlanok bruttó értéke (491. Nyitómérleg számla) T+;491. Nyitómérleg számla (12. Ingatlanok bruttó értéke) K-;;;;;
;Nyitás;491. Nyitómérleg számla (129. Ingatlanok halmozott terv szerinti értékcsökkenése) T+;129. Ingatlanok halmozott terv szerinti értékcsökkenése (491. nyitómérleg számla) K-;;;;;
;Nyitás;13. Mûszaki gépek, berendezések bruttó értéke (491. Nyitómérleg számla) T-;491. Nyitómérleg számla (13. Mûszaki gépek, berendezések bruttó értéke) K-;;;;;
;Nyitás;491. Nyitómérleg számla (139. Mûszaki gépek, berendezések halmozott terv szerinti értékcsökkenése) T+;139. Mûszaki gépek, berendezések halmozott terv szerinti értékcsökkenése) K-;;;;;
;Nyitás;161. Befejezetlen beruházások (491. Nyitómérleg számla) T+;491. Nyitómérleg számla (161. Befejezetlen beruházások) K-;;;;;
;Nyitás;384. Elszámolási betétszámla (491. Nyitómérleg számla) T+;491. Nyitómérleg számla (384. Elszámolási betétszámla K-;;;;;
;Nyitás;491. Nyitómérleg számla (455. Beruházási szállítók) T+;455. Beruházási szállítók (491. Nyitómérleg számla) K;;;;;
;Pénzeszköz elkülönítése;389. Átvezetési számla (384. Elszámolási betétszámla) T+;384. Elszámolási betétszámla (389. Átvezetési számla) K-;;;;;
;Beruházás;161. Befejezetlen beruházások (455. Beruházási szállítók) T+;455. Beruházási szállítók (161. Befejezetlen beruházások) K+;;;;;
;Beruházás áfája;466. Elõzetesen felszámított áfa (455. Beruházási szállítók) T-;455. Beruházási szállítók (466. Elõzetesen felszámított áfa) K+;;;;;
;Pénzeszköz jóváírása;385. Elkülönített betétszámla (389. Átvezetési számla) T+;389. Átvezetési számla (385. Elkülönített betétszámla) K-;;;;;
;Hitelbírálati díj;161. Befejezetlen beruházások (384. Elszámolási betétszámla) T+;384. Elszámolási betétszámla (161. Befejezetlen beruházások) K-;;;;;
;Biztosítási díj aktiválása;161. Befejezetlen beruházások (455. Beruházási szállítók) T+;455. Beruházási szállítók (161. Befejezetlen beruházások) K+;;;;;
;Biztosítási díj;533. Biztosítási díj (455. Beruházási szállítók) T+;455. Beruházási szállítók (533. Biztosítási díj) K+;;;;;
;Szállító kiegyenlítése ;455. Beruházási szállítók (385. Elkülönített betétszámla) T-;385. Elkülönített betétszámla (455. Beruházási szállítók) K-;;;;;
;Hitel felvétele;455. Beruházási szállítók (444. Beruházási és fejlesztési hitelek) T-;444. Beruházási és fejlesztési hitelek (455. Beruházási szállítók) K+;;;;;
;Használatba vételi díj;161. Befejezetlen beruházások (381. Pénztár) T+;381. Pénztár (161. Befejezetlen beruházások) K-;;;;;
;Kamat aktiválása;161. Befejezetlen beruházások (479. Különféle egyéb RLK) T+;479. Különféle egyéb RLK (161. Befejezetlen beruházások) K+;;;;;
;Aktiválás;13. Mûszaki gépek, berendezések bruttó értéke (161. Befejezetlen beruházások) T-;161. Befejezetlen beruházások (13. Mûszaki gépek, berendezések bruttó értéke) K-;;;;;
;Hiteltörlesztés;444. Beruházási és fejlesztési hitelek (384. Elszámolási betétszámla) T-;384. Elszámolási betétszámla (444. Beruházási és fejlesztési hitelek) K-;;;;;
;Kamat átutalása;479. Különféle egyéb RLK (384. Elszámolási betétszámla) T-;384. Elszámolási betétszámla (479. Különféle egyéb RLK) K-;;;;;
;Kamat átutalása;873. Fizetendõ (fizetett) kamatok és kamatjellegû ráfordítások (384. Elszámolási betétszámla) T+;384. Elszámolási betét (873. Fizetendõ (fizetett) kamatok és kamatjellegû ráfordítások) K-;;;;;
;Térítés nélküli átvétel;14. Egyéb gépek, berendezések bruttó értéke (9686. Térítés nélkül átvett, ajándékként, hagyatékként kapott …) T+;9686. Térítés nélkül átvett, ajándékként, hagyatékként kapott… (14. Egyéb gépek, berendezések bruttó értéke) K+;;;;;
;Elhatárolás;9686. Térítés nélkül átvett, ajándékként, hagyatékként kapott … (483. Halasztott bevételek) T-;483. Halasztott bevételek (9686. Térítés nélkül átvett, ajándékként, hagyatékként kapott …) K+;;;;;
;Áfa;466. Elõzetesen felszámított áfa (479. Különféle egyéb RLK) T-;479. Különféle egyéb RLK (466. Elõzetesen felszámított áfa) K+;;;;;
;Egyéb berendezés karbantartási költsége kp-s számla alapján;524. Javítás, karbantartás költsége (381. Pénztár) T ;381. Pénztár ( 524. Javítás, karbantartás költsége) K;;;;;
KISKERESKEDELMI ÁRUK NYITÁSA;Nyitás;491. Nyitómérleg számla (265. Kiskereskedelmi áruk árrése) T-;265. Kiskereskedelmi áruk árrése (491. Nyitómérleg számla ) K-;;;;;
KISKERESKEDELMI ÁRUK BESZERZÉSE;Beszerzés fogyasztói áron;264. Kereskedelmi áruk eladási áron (265. Kereskedelmi áruk árrése) T+;265. Kiskereskedelmi áruk árrése (264. Kiskereskedelmi áruk eladási áron) K-;;;;;
;Beszerzés nettó értéke;265. Kiskereskedelmi áruk árrése (454. Szállítók) T+;454. Szállítók (265. Kiskereskedelmi áruk árrése) K+;;;;;
;Beszerzés áfája;466. Elõzetesen felszámított áfa (454. Szállítók) T-;454. Szállítók (466. Elõzetesen felszámított áfa) K+;;;;;
KISKERESKEDELMI ÁRUK VISSZAKÜLDÉSE;Visszaküldés fogyasztói áron;265. Kereskedelmi áruk árrése (264. Kereskedelmi áruk eladási áron) T+;264. Kereskedelmi áruk eladási áron (265. Kereskedelmi áruk árrése) K-;;;;;
;Visszaküldés nettó értéke;454. Szállítók (265. Kereskedelmi áruk árrése) T-;265. Kiskereskedelmi áruk árrése (454. Szállítók) K-;;;;;
;Visszaküldés áfája;454. Szállítók (466. Elõzetesen felszámított áfa) T-;466. Elõzetesen felszámított áfa (454. Szállítók) K+;;;;;
KISKERESKEDELMI ÁRUBESZERZÉS ENGEDMÉNYE (Engedmény esetén csak a 265-ös számlára könyvelünk, mert nem változik az áruk mennyisége.);Engedmény nettó értéke;454. Szállítók (265. Kereskedelmi áruk árrése) T-;265. Kiskereskedelmi áruk árrése (454. Szállítók) K-;;;;;
;Engedmény áfája;454. Szállítók (466. Elõzetesen felszámított áfa) T-;466. Elõzetesen felszámított áfa (454. Szállítók) K+;;;;;
KISKERESKEDELMI ÁRUK ÉRTÉKESÍTÉSE                                                    (Az áruk mennyisége is változik, ezért a 264-es számlára is könyvelünk.);Kereskedelmi áruk eladási áron;264. Kiskereskedelmi áruk eladási áron (E) T+;???;;;;;
;Értékesítés fogyasztói áron;814. ELÁBÉ (264. Kiskereskedelmi áruk eladási áron) T+;264. Kiskereskedelmi áruk eladási áron (814. ELÁBÉ) K-;;;;;
;Értékesített áru árrése;265. Kiskereskedelmi áruk árrése (814. ELÁBÉ) T+;814. ELÁBÉ (265. Kiskereskedelmi áruk árrése) K-;;;;;
;Bruttó árbevétel;311. Vevõk (91-92. Belföldi értékesítés nettó árbevétele) T+;91-92. Belföldi értékesítés nettó árbevétele (311. Vevõk) K+;;;;;
;Áfa;91-92. Belföldi értékesítés nettó árbevétele (467. Fizetendõ áfa) T-;467. Fizetendõ áfa (91-92. Belföldi értékesítés nettó árbevétele) K+;;;;;
KISKERESKEDELMI ÁRUK ÉRTÉKESÍTÉSÉBÕL VISSZAKÜLDÉS                                                         (Árumozgás van, megmozdul az ELÁBÉ, az értékesítés visszafordul.);Visszaküldés fogyasztói áron;264. Kiskereskedelmi áruk eladási áron (814. ELÁBÉ) T+;814. ELÁBÉ (264. Kiskereskedelmi áruk eladási áron) K-;;;;;
;Visszaküldött áru árrése;814. ELÁBÉ (265. Kiskereskedelmi áruk árrése) T+;265. Kiskereskedelmi áruk árrése (814. ELÁBÉ) K-;;;;;
;Bruttó árbevétel;91-92. Belföldi értékesítés nettó árbevétele (311. Vevõk) T-;311. Vevõk (91-92. Belföldi értékesítés nettó árbevétele) K-;;;;;
;Áfa;467. Fizetendõ áfa (91-92. Belföldi értékesítés nettó árbevétele) T-;91-92. Belföldi értékesítés nettó árbevétele (467. Fizetendõ áfa) K+;;;;;
KISKERESKEDELMI ÁRUK ÉRTÉKESÍTÉSÉBÕL ENGEDMÉNY                                                                    (Nem jár árumozgással, az ELÁBÉ és az áru nem mozdul meg, csak az árbevétel)                                         ;Engedmény nettó összege;91-92. Belföldi értékesítés nettó árbevétele (311. Vevõk) T-;311. Vevõk (91-92. Belföldi értékesítés nettó árbevétele) K-;;;;;
;Engedmény áfája;467. Fizetendõ áfa (311. Vevõk) T-;311. Vevõk (467. Fizetendõ áfa) K-;;;;;
KISKERESKEDELMI ÁRUK SELEJTEZÉSE, HIÁNY;Kiskereskedelmi áruk eladási ára;264. Kiskereskedelmi áruk árrése (E. Kiskereskedelmi áruk eladási ára) T+;265. Kiskereskedelmi áruk árrése (E. Kiskereskedelmi áruk eladási ára) K-;;;;;
;Selejtezés/hiány fogyasztói áron;8693. Egyéb ráfordítás: hiány/selejt (264. Kiskereskedelmi áruk eladási áron) T+;264. Kiskereskedelmi áruk eladási áron (8693. Egyéb ráfordítás: hiány/selejt) K-;;;;;
;Selejtezésre/hiányra jutó árrés;265. Kiskereskedelmi áruk árrése (8693. Egyéb ráfordítások/hiány, selejt) T+;8693. Egyéb ráfordítások (265. Kiskereskedelmi áruk árrése/selejt, hiány) K-;;;;;
KISKERESKEDELMI ÁRUK ÖSSZEFOGLALÓ FELADAT KÖNYVELÉSE;Nyitás;264. Kiskereskedelmi áruk eladási áron (491. Nyitómérleg számla) T+;491. Nyitómérleg számla (264. Kiskereskedelmi áruk eladási áron);;;;;
;Nyitás;491. Nyitómérleg számla (265. Kiskereskedelmi áruk árrése) T-;265. Kiskereskedelmi áruk árrése (491. Nyitómérleg számla ) K-;;;;;
;Áruvásárlás fogyasztói áron;264. Kiskereskedelmi áruk eladási áron (265. Kiskereskedelmi áruk árrése) T+;265. Kiskereskedelmi áruk árrése (264. Kiskereskedelmi áruk eladási áron) K-;;;;;
;Áruvásárlás nettó beszerzési értéke;265. Kiskereskedelmi áruk árrése (454. Szállítók) T+;454. Szállítók (265. Kiskereskedelmi áruk árrése) K+;;;;;
;Áruvásárlás beszerzési értékének áfája;466. Elõzetesen felszámított áfa (454. Szállítók) T-;454. Szállítók (466. Elõzetesen felszámított áfa) K-;;;;;
;Áruvisszaküldés fogyasztói áron;265. Kiskereskedelmi áruk árrése (264. Kiskereskedelmi áruk eladási áron) T;264. Kiskereskedelmi áruk eladási áron (265. Kiskereskedelmi áruk árrése) K-;;;;;
;Áruvisszaküldés nettó beszerzési értéke;454. Szállítók (265. Kereskedelmi áruk árrése) T-;265. Kiskereskedelmi áruk árrése (454. Szállítók) K-;;;;;
;Áruvisszaküldés beszerzési értékének áfája;454. Szállítók (466. Elõzetesen felszámított áfa) T-;466. Elõzetesen felszámított áfa (454. Szállítók) K+;;;;;
;Engedmény;454. Szállítók (265. Kereskedelmi áruk árrése) T-;265. Kiskereskedelmi áruk árrése (454. Szállítók) K-;;;;;
;Engedmény áfája;454. Szállítók (466. Elõzetesen felszámított áfa) T-;466. Elõzetesen felszámított áfa (454. Szállítók) K+;;;;;
;Szállítói tartozás kiegyenlítése;454. Szállítók (384. Elszámolási betét számla) T-;384. Elszámolási betét számla (454. Szállítók) K;;;;;
;Áruértékesítés fogyasztói áron;814. ELÁBÉ (264. Kiskereskedelmi áruk eladási áron) T+;264. Kiskereskedelmi áruk eladási áron (814. ELÁBÉ) K-;;;;;
;Áruértékesítésre jutó árrés;265. Kereskedelmi áruk árrése (814. ELÁBÉ) T;814. ELÁBÉ (265. Kiskereskedelmi áruk árrése) K-;;;;;
;Értékesített áru eladási ára;311. Belföldi vevõk (91-92. Belföldi értékestés nettó árbevétele) T+;91-92. Belföldi értékesítés nettó árbevétele (311. Belföldi vevõk) K+;;;;;
;Értékesített áru áfája;91-92. Belföldi értékesítés nettó árbevétele (467. Fizetendõ áfa) T-;467. Fizetendõ áfa (91-92. Belföldi értékesítés nettó árbevétele) K+;;;;;
;Áruvisszaküldés fogyasztói áron;264. Kiskereskedelmi áruk eladási áron (814. ELÁBÉ) T+;814. ELÁBÉ (264. Kiskereskedelmi áruk eladási áron) K-;;;;;
;Áruvisszaküldésre jutó árrés;814. ELÁBÉ (265. Kiskereskedelmi áruk árrése) T+;265. Kiskereskedelmi áruk árrése (814. ELÁBÉ) K-;;;;;
;Visszaküldött áru eladási ára;91-92. Belföldi értékesítés nettó árbevétele (311. Belföldi vevõk) T-;311. Belföldi vevõk (91-92. Belföldi értékesítés nettó árbevétele) K-;;;;;
;Visszaküldött áru áfája;467. Fizetendõ áfa (91-92. Belföldi értékesítés nettó árbevétele) T-;91-92. Belföldi értékesítés nettó árbevétele (467. Fizetendõ áfa) K+;;;;;
;Engedmény;91-92. Belföldi értékesítés nettó árbevétele (311. Belföldi vevõk) T-;311. Belföldi vevõk (91-92. Belföldi értékesítés nettó árbevétele) K-;;;;;
;Engedmény áfája;467. Fizetendõ áfa (311. Belföldi vevõk) T-;311. Belföldi vevõk (467. Fizetendõ áfa);;;;;
;Vevõi átutalás;384. Elszámolási betétszámla (311. Belföldi vevõk) T+;311. Belföldi vevõk (384. Elszámolási betétszámla) K-;;;;;
;Áruértékesítés fogyasztói áron;814. ELÁBÉ (264. Kiskereskedelmi áruk eladási áron) T+;264. Kereskedelmi áruk eladási áron (814. ELÁBÉ) K;;;;;
;Áruértékesítésre jutó árrés;265. Kiskereskedelmi áruk árrése (814. ELÁBÉ) T+;814. ELÁBÉ (265. Kiskereskedelmi áruk árrése) K-;;;;;
;Értékesített áru eladási ára;381. Pénztár (91-92. Belföldi értékestés nettó árbevétele) T+;91-92. Belföldi értékesítés nettó árbevétele (381. Pénztár) K+;;;;;
;Értékesített áru áfája;91-92. Belföldi értékesítés nettó árbevétele (467. Fizetendõ áfa) T-;467. Fizetendõ áfa (91-92. Belföldi értékesítés nettó árbevétele) K+;;;;;
;Áruselejt fogyasztói áron;8693. Egyéb ráfordítások: hiány/selejt (264. Kereskedelmi áruk eladási áron) T;264. Kereskedelmi áruk eladási áron (8693. Egyéb ráfordítások: hiány/selejt) K;;;;;
;Áruselejtre jutó árrés;265. Kereskedelmi áruk árrése (8693. Egyéb ráfordítások: hiány/selejt) T;8693. Egyéb ráfordítások: hiány/selejt  (265. Kiskereskedelmi áruk árrése) K-;;;;;
;Áruhiány fogyasztói áron;8693. Egyéb ráfordítások: hiány/selejt (264. Kereskedelmi áruk eladási áron) T;264. Kereskedelmi áruk eladási áron (8693. Egyéb ráfordítások: hiány/selejt) K;;;;;
;Áruhiányra jutó árrés;265. Kiskereskedelmi áruk árrése (8693. Egyéb ráfordítások/hiány, selejt) T+;8693. Egyéb ráfordítások: hiány/selejt  (265. Kiskereskedelmi áruk árrése) K-;;;;;
IDEGEN GÖNGYÖLEGEK FIFO, ÁTLAGÁR, NEM VEZET (Készletek = 211. Anyagok egyenlege + 282. Idegen göngyölegek egyenlege);Göngyöleg beszerzés (pld. alapanyag szállításhoz kapcsolódó raklapok betétdíja);282. Idegen göngyölegek (454. Szállítók) T+;454. Szállítók (282. Idegen göngyölegek) K+;;;;;
;Göngyöleg beszerzés áfája;466. Elõzetesen felszámított áfa (454. Szállítók) T-;454. Szállítók (466. Elõzetesen felszámított áfa) K+;;;;;
;Göngyöleg visszaküldés;454. Szállítók (282. Idegen göngyölegek) T-;282. Idegen göngyölegek (454. Szállítók) K;;;;;
;Göngyöleg visszaküldésének áfája;454. Szállítók (466. Elõzetesen felszámított áfa)  T-;466. Elõzetesen felszámított áfa (454. Szállítók) K+;;;;;
;Göngyöleg hiány/selejt;8693. Egyéb ráfordítások: hiány/selejt (282. Idegen göngyölegek) T+;282. Idegen göngyölegek (8693. Egyéb ráfordítások: hiány/selejt) K-;;;;;
SAJÁT GÖNGYÖLEGEK FIFO, ÁTLAGÁR, NEM VEZET ;Göngyöleg kivezetése;814. ELÁBÉ (281. Saját göngyölegek) T+;281. Saját göngyölegek (814. ELÁBÉ) K-;;;;;
;Göngyöleg értékesítés eladási ára;311. Vevõk (91-92. Belföldi értékesítés nettó árbevétele) T;91-92. Belföldi értékesítés nettó árbevétele (311. Vevõk) K+;;;;;
;Göngyöleg értékesítés áfája;311. Vevõk (467. Fizetendõ áfa) T+;467. Fizetendõ áfa (311. Vevõk) K+;;;;;
;Göngyöleg visszaküldés;281. Saját göngyölegek (814. ELÁBÉ) T+;814. ELÁBÉ (281. Saját göngyölegek) K-;;;;;
;Göngyöleg visszaküldés eladási ára;91-92. Belföldi értékesítés nettó árbevétele (311. Vevõk) T-;311. Vevõk (91-92. Belföldi értékesítés nettó árbevétele) K-;;;;;
;Göngyöleg visszaküldés áfája;467. Fizetendõ áfa (311. Vevõk) T-;311. Vevõk (467. Fizetendõ áfa) K-;;;;;
;Saját göngyöleg hiány/selejt;8693. Egyéb ráfordítások (281. Saját göngyölegek) T+;281. saját göngyölegek (8693. Egyéb ráfordítások) K;;;;;
GÖNGYÖLEGEK ÁRKÜLÖNBÖZETE;Árkülönbözet kivezetése;288. Betétdíjas göngyölegek árkülönbözete (814. ELÁBÉ) T+;814. ELÁBÉ (288. Betétdíjas göngyölegek árkülönbözete) K-;;;;;
;Árkülönbözet visszaküldésre;814. ELÁBÉ (288. Betétdíjas göngyölegek árkülönbözete) T+;288. Betétdíjas göngyölegek árkülönbözete (814. ELÁBÉ) K-;;;;;
;Hiányra/selejtre jutó árkülönbözet;288. Betétdíjas göngyölegek árkülönbözete (8693. Egyéb ráfordítások) T+;8693. Egyéb ráfordítások (288. Betétdíjas göngyölegek árkülönbözete) K -;;;;;
KÉSZTERMÉK TERMELÉSE ÖSSZEFOGLALÓ FELADAT;Késztermék raktárra vétele;251. Késztermék (581. STKÁV) T+;581. STKÁV (251. Késztermékek) K+;;;;;
;Késztermék értékesítése, önköltségen való kivezetése;581. STKÁV (251. Késztermékek) T-;251. Késztermékek (581. STKÁV) K-;;;;;
;Késztermék értékesítése belföldi vevõnek, értékesítés nettó árbevétele;311. Belföldi vevõk (91-92. Belföldi értékestés nettó árbevétele) T+;91-92. Belföldi értékesítés nettó árbevétele (311. Belföldi vevõk) K+;;;;;
;Késztermék értékesítés áfa;311. Belföldi vevõk (467. Fizetendõ áfa) T+;467. Fizetendõ áfa (311. Belföldi vevõk) K+;;;;;
;Késztermék visszaküldése (az eredeti értékesítés visszafordul);251. Késztermék (581. STKÁV) T+;581. STKÁV (251. Késztermékek) K+;;;;;
;Késztermék visszaküldése belföldi vevõtõl eladási áron;91-92. Belföldi értékesítés nettó árbevétele (311. Belföldi vevõk) T-;311. Belföldi vevõk (91-92. Belföldi értékestés nettó árbevétele) K-;;;;;
;Késztermék visszaküldése belföldi vevõtõl eladási áron áfa;467. Fizetendõ áfa (311. Belföldi vevõk) T-;311. Belföldi vevõk (467. Fizetendõ áfa ) K-;;;;;
TERMELÉS ÖSSZEFOGLALÓ NAGY FELADAT KÖNYVELÉSE (FIFO ÉS ÁTLAGÁR ESETÉBEN IS UGYAN AZ);Befejezetlen termelés nyitása;231. Befejezetlen termelés (491. Nyitómérleg számla) T+;491. Nyitómérleg számla (231. Befejezetlen termelés) K+;;;;;
;Késztermék nyitása;251. Késztermékek (491. Nyitómérleg számla) T+;491. Nyitómérleg számla (251. Késztermékek) K+;;;;;
;Befejezetlen termelés átvezetése;581. STKÁV (231. Befejezetlen termelés) T-;231. Befejezetlen termelés (581. (STKÁV) K-;;;;;
;Anyagfelhasználás;511. Anyagköltség (21-22. Anyagok) T+;21-22. Anyagok (511. Anyagköltség) K-;;;;;
;Hulladék raktárra vétele;227. Hulladékok (511. Anyagköltség) T+;511. Anyagköltség (227. Hulladékok) K-;;;;;
;Szolgáltatás igénybe vétele;522. Bérleti díjak - igénybe vett szolgáltatások értéke (454. Szállítók) T+;454. Szállítók (522. Bérleti díjak -igénybe vett szolgáltatások értéke) K+;;;;;
;Szolgáltatás igénybe vételének áfája;466. Elõzetesen felszámított áfa (454. Szállítók) T-;454. Szállítók (466. Elõzetesen felszámított áfa) K+;;;;;
;Bér számfejtése;541. Bérköltség (471. Jövedelemelszámolási számla) T+;471. Jövedelemelszámolási számla (541. Bérköltség) K+;;;;;
;Bérjárulék számfejtése;561. Szociális hozzájárulási adó (463. Költségvetési befizetési kötelezettség) T+;463. Költségvetési befizetési kötelezettség (561. Szociális hozzájárulási adó) K+;;;;;
;Ingatlanok terv szerinti értékcsökkenése;571. Értékcsökkenési leírás költsége (129. Ingatlanok terv szerinti értékcsökkenése) T+;129. Ingatlanok terv szerinti értékcsökkenése (571. Értékcsökkenési leírás költsége) K-;;;;;
;Mûszaki gépek terv szerinti értékcsökkenése;571. Értékcsökkenési leírás költsége (139. Mûszaki gépek, berendezések terv szerinti értékcsökkenése) T+;139. Mûszaki gépek, berendezések terv szerinti értékcsökkenése (571. Értékcsökkenési leírás költsége) K-;;;;;
;Egyéb gépek terv szerinti értékcsökkenése;571. Értékcsökkenési leírás költsége (149. Egyéb gépek, berendezések terv szerinti értékcsökkenése) T+;149. Egyéb gépek, berendezések terv szerinti értékcsökkenése (571. Értékcsökkenési leírás költsége) K-;;;;;
;Záró befejezetlen termelés raktárra vétele;231. Befejezetlen termelés (581. STKÁV) T+;581. STKÁV (231. Befejezetlen termelés) K+;;;;;
;Késztermék raktárra vétele;251. Késztermékek (581. STKÁV) T+;581. STKÁV (251. Késztermékek) K+;;;;;
;Késztermék értékesítés közvetlen költsége;581. STKÁV (251. Késztermékek) T-;251. Késztermékek (581. STKÁV) K-;;;;;
;Késztermék értékesítés eladási ára;311. Belföldi vevõk (91-92. Belföldi értékesítés nettó árbevétele) T+;91-92. Belföldi értékesítés nettó árbevétele (311. Belföldi vevõk) K+;;;;;
;Késztermék értékesítés eladási árának áfája;311. Belföldi vevõk (467. Fizetendõ áfa) T+;467. Fizetendõ áfa (311. Belföldi vevõk) K+;;;;;
;Késztermék visszaküldés közvetlen költsége;251. Késztermékek (581. STKÁV) T+;581. STKÁV (251. Késztermékek) K+;;;;;
;Késztermék visszaküldés eladási ára;91-92. Belföldi értékesítés nettó árbevétele (311. Belföldi vevõk) T-;311. Belföldi vevõk (91-92. Belföldi értékesítés nettó árbevétele) K-;;;;;
;Késztermék visszaküldés eladási árának áfája;467. Fizetendõ áfa (311. Belföldi vevõk) T-;311. Belföldi vevõk (467. Fizetendõ áfa ) K-;;;;;
;Késztermék értékesítés közvetlen költsége;581. STKÁV (251. Késztermékek) T-;251. Késztermékek (581. STKÁV) K-;;;;;
;Késztermék értékesítés eladási ára készpénzért;381. Pénztár (91-91. Belföldi értékesítés nettó árbevétele) T+;91-92. Belföldi értékesítés nettó árbevétele (381. Pénztár) K+;;;;;
;Késztermék értékesítés eladási ára készpénzért áfája;381. Pénztár (467. Fizetendõ áfa) T+;467. Fizetendõ áfa (381. Pénztár) K+;;;;;
;Vevõi átutalás;384. Elszámolási betétszámla (311. Belföldi vevõk) T+;311. Belföldi vevõk (384. Elszámolási betétszámla) K-;;;;;
;Engedmény;91-92. Belföldi értékesítés nettó árbevétele (311. Belföldi vevõk) T-;311. Belföldi vevõk (91-92. Belföldi értékesítés nettó árbevétele) K-;;;;;
;Engedmény áfája;467. Fizetendõ áfa (311. Belföldi vevõk) T-;311. Belföldi vevõk (467. Fizetendõ áfa) K-;;;;;
TERMELÉS FELADAT KÖNYVELÉSE (NEM VEZET NYILVÁNTARTÁST)                               (Anyagfelhasználást nem szabad könyvelni, selejtet és hiányt nem értelmezzük!);Nyitás;22-21. Anyagok (491. Nyitómérleg számla) T+;491. Nyitómérleg számla (21-22. Anyagok) K+;;;;;
;Nyitás utáni rendezõ tétel;511. Anyagköltség (21-22. Anyagok) T+;21-22. Anyagok ( 511. Anyagköltség) K-;;;;;
;Anyagvásárlás;511. Anyagköltség (454. Szállítók) T+;454. Szállítók (511. Anyagköltség) K+;;;;;
;Anyagvásárlás áfája;466. Elõzetesen felszámított áfa (454. Szállítók) T-;454. Szállítók ( 466. Elõzetesen felszámított áfa) K+;;;;;
;Anyagvisszaküldés;454. Szállítók (511. Anyagköltség) T-;511. Anyagköltség (454. Szállítók) K-;;;;;
;Anyagvisszaküldés áfája;454. Szállítók (466. Elõzetesen felszámított áfa) T-;466. Elõzetesen felszámított áfa (454. Szállítók) K+;;;;;
;Engedmény;454. Szállítók (511. Anyagköltség) T-;511. Anyagköltség (454. Szállítók) K-;;;;;
;Engedmény áfája;454. Szállítók (466. Elõzetesen felszámított áfa) T-;466. Elõzetesen felszámított áfa (454. Szállítók) K+;;;;;
;Szállítói tartozás kiegyenlítése;454. Szállítók (384. Elszámolási betét számla) T-;384. Elszámolási betétszámla (454. Szállítók) K-;;;;;
;Év végi készletre vétel;21-22. Anyagok (511. Anyagköltség) T+;511. Anyagköltség (21-22. Anyagok) K-;;;;;
DEVIZÁS VEVÕ KIEGYENLÍTÉSE DEVIZABETÉT SZÁMLÁRÓL (ÁRFOLYAMVESZTESÉG);Devizás vevõ átutalása;386. Devizabetét EUR (317. devizás vevõk) T+;317. Devizás vevõk (386. Devizabetét EUR) K-;;;;;
;Árfolyam különbözet;876. Átváltási, értékeléskori árfolyamveszteség (317. Devizás vevõk) T+;317. Devizás vevõk (876. Átváltási, értékeléskori árfolyamveszteség) K-;;;;;
DEVIZÁS VEVÕ KIEGYENLÍTÉSE DEVIZABETÉT SZÁMLÁRÓL (ÁRFOLYAMNYERESÉG);Devizás vevõ átutalása;386. Devizabetét EUR (317. devizás vevõk) T+;317. Devizás vevõk (386. Devizabetét EUR) K-;;;;;
;Árfolyam különbözet;317. Devizás vevõk (976. Átváltási, értékeléskori árfolyamnyereség) T+;976. Átváltási, értékeléskori árfolyamnyereség (317. Devizás vevõk) K+;;;;;
DEVIZÁS SZÁLLÍTÓ KIEGYENLÍTÉSE DEVIZABETÉT SZÁMLÁRÓL (ÁRFOLYAMVESZTESÉG);Devizás szállító átutalása;4542. Devizás szállítók (386. Devizabetét EUR) T-;386. Devizabetét EUR (4542. Devizás szállítók) K-;;;;;
;Árfolyam különbözet; 876. Átváltási, értékeléskori árfolyamveszteség (4542. Devizás szállítók) T+;4542. Devizás szállítók (876. Átváltási, értékeléskori árfolyamveszteség) K+;;;;;
KÖVETELÉS ÉVEN BELÜLI VÁLTÓVAL (NINCS AIE!);Váltó elfogadása;341. Váltókövetelések (311. Vevõk) T+;311. Vevõk (341. Váltókövetelések) K-;;;;;
;Váltó beváltása;384. Elszámolási betétszámla (341. Váltókövetelések) T+;341. Váltókövetelések (384. Elszámolási betétszámla) K-;;;;;
;Váltó kamata;384. Elszámolási betétszámla (974. Egyéb kapott -járó- kamatok és kamat jellegû bevételek) T+;974. Egyéb kapott -járó- kamatok és kamat jellegû bevételek (384. Elszámolási betétszámla) K+;;;;;
KÖVETELÉS ÉVEN TÚLI VÁLTÓVAL;Váltó elfogadása;341. Váltókövetelések (311. Vevõk) T+;311. Vevõk (341. Váltókövetelések) K-;;;;;
;Váltó kamat elhatárolása (év vége);391. Bevételek AIE (974. Egyéb kapott -járó- kamatok és kamat jellegû bevételek) T+;974. Egyéb kapott -járó- kamatok és kamat jellegû bevételek (391. Bevételek AIE) K+;;;;;
KÖVETELÉS ÉVEN TÚLI VÁLTÓVAL KÖVETKEZÕ ÉV ;Nyitás;341. Váltókövetelések (491. Nyitómérleg számla) T+;491. Nyitómérleg számla (341. Váltókövetelések) K+;;;;;
;Elhatárolás visszavezetése;974. Egyéb kapott – járó- kamatok és kamat jellegû bevételek (391. Bevételek AIE) T-;391. Bevételek AIE (974. Egyéb kapott – járó- kamatok és kamat jellegû bevételek) K-;;;;;
;Váltó beváltása;384. Elszámolási betétszámla (341. Váltókövetelések) T+;341. Váltókövetelések (384. Elszámolási betétszámla) K-;;;;;
;Váltó kamata;384. Elszámolási betétszámla (974. Egyéb kapott -járó- kamatok és kamat jellegû bevételek) T+;974. Egyéb kapott -járó- kamatok és kamat jellegû bevételek (384. Elszámolási betétszámla) K+;;;;;
KÖTELEZETTSÉG ÉVEN BELÜLI VÁLTÓVAL;Váltó kibocsátása;454. Szállítók (456. Váltótartozások) T-;456. Váltótartozások (454. Szállítók) K+;;;;;
;Váltó kamata;873. Fizetendõ kamatok és kamat jellegû ráfordítások (384. Elszámolási betétszámla) T+;384. Elszámolási betétszámla (873. Fizetendõ kamatok) K-;;;;;
;Váltó kiegyenlítése;456. Váltótartozások (384. Elszámolási betétszámla) T-;384. Elszámolási betétszámla (456. Váltótartozások) K-;;;;;
KÖTELEZETTSÉG ÉVEN TÚLI VÁLTÓVAL                                                             (Év végi teendõ: mivel a váltó nem jár le, el kell határolni a következõ évre jutó kamatát);Váltó kibocsátása;454. Szállítók (456. Váltótartozások) T-;456. Váltótartozások (454. Szállítók) K+;;;;;
;Váltó kamata;873. Fizetendõ kamatok és kamat jellegû ráfordítások (456. Váltótartozások) T+;456. Váltótartozások (873. Fizetendõ kamatok) K+;;;;;
;Kamatelhatárolás (év vége);392. Költségek, ráfordítások AIE (873. Fizetendõ kamatok és kamat jellegû ráfordítások) T+;873. Fizetendõ kamatok és kamat jellegû ráfordítások (392. Költségek és ráfordítások) K-;;;;;
KÖTELEZETTSÉG ÉVEN TÚLI VÁLTÓVAL/KÖVETKEZÕ ÉV KÖNYVELÉSE;Nyitás;491. Nyitómérleg számla (454. Szállítók) T-;454. Szállítók (491. Nyitómérleg számla) K+;;;;;
;Nyitás;491. Nyitómérleg számla (456. Váltótartozások) T-;456. Váltótartozások (491. Nyitómérleg számla) K+;;;;;
;Kamatelhatárolás visszavezetése;873. Fizetendõ kamatok és kamat jellegû ráfordítások (392. Költségek, ráfordítások AIE) T+;392. Költségek, ráfordítások AIE (873. Fizetendõ kamatok és kamat jellegû ráfordítások) K-;;;;;
;Váltótartozás kiegyenlítése;456. Váltótartozások (384. Elszámolási betét számla) T-;384. Elszámolási betét számla (456. Váltótartozások) K-;;;;;
ÁTVEZETÉSEK, ÁTSOROLÁSOK;Adózott eredmény átvezetése (elõzõ évi);419. Adózott eredmény (413. Eredménytartalék) T-;413. Eredménytartalék (419. Adózott eredmény) K+;;;;;
;Rövid lejáratú rész átsorolása;445. Egyéb hosszú lejáratú hitelek (452. Egyéb rövid lejáratú hitelek) T-;452. Egyéb rövid lejáratú hitelek (445. Egyéb hosszú lejáratú hitelek) K+;;;;;
;Adott kölcsön átsorolása;364. Rövid lejáratra adott kölcsön (194. Egyéb tartósan adott kölcsön) T+;194. Egyéb tartósan adott kölcsön (364. Rövid lejáratra adott kölcsön) K-;;;;;
;Anyagköltség átvezetése;81. Anyagjellegû ráfordítások (511. Anyagköltség) T+;511. Anyagköltség (81. Anyagjellegû ráfordítások) K-;;;;;
;Bérköltség átvezetése;82. Személyi jellegû ráfordítások (541. Bérköltség) T+;541. Bérköltség (82. Személyi jellegû ráfordítások) K-;;;;;
;Bérjárulék átvezetése;82. Személyi jellegû ráfordítások (561. Bérjárulékok) T+;561. Bérjárulékok ( 82. Személyi jellegû ráfordítások) K-;;;;;
;Értékcsökkenési leírás átvezetése;83. Értékcsökkenési leírás ráfordítások (571. Értékcsökkenési leírás költsége) T+;571. Értékcsökkenési leírás költsége (83. Értékcsökkenési leírás ráfordítások) K-;;;;;
;ELÁBÉ átvezetése;493. Adózott eredmény elszámolási számla (814. ELÁBÉ) T-;814. ELÁBÉ (493. Adózott eredmény elszámolási számla) K-;;;;;
;Anyagjellegû ráfordítások átvezetése;493. Adózott eredmény elszámolási számla (81. Anyag jellegû ráfordítások) T-;81. Anyag jellegû ráfordítások (493. Adózott eredmény elszámolási számla) K-;;;;;
;Személyi jellegû ráfordítások átvezetése;493. Adózott eredmény elszámolási számla (82. Személyi jellegû ráfordítások) T-;82. Személyi jellegû ráfordítások (493. Adózott eredmény elszámolási számla) K-;;;;;
;Értékcsökkenési leírás átvezetése;493. Adózott eredmény elszámolási számla (83. Értékcsökkenési leírás ráfordítások) T-;83. Értékcsökkenési leírás ráfordítások (493. Adózott eredmény elszámolási számla) K-;;;;;
;Pénzügyi ráfordítások átvezetése;493. Adózott eredmény elszámolási számla (873. Fizetendõ kamatok és kamat jellegû ráfordítások) T-;873. Fizetendõ kamatok és kamat jellegû ráfordítások (493. Adózott eredmény elszámolási számla) K-;;;;;
;BÉNÁ átvezetése;91-92. Belföldi értékesítés nettó árbevétele (493. Adózott eredmény elszámolási számla) T-;493. Adózott eredmény elszámolási számla (91-92. Belföldi értékesítés nettó árbevétele) K+;;;;;
;Pénzügyi bevételek átvezetése;973. Befektetett pénzügyi eszközök kamatai és árfolyamnyeresége (493. Adózott eredmény elszámolási számla) T-;493. Adózott eredmény elszámolási számla (973. Befektetett pénzügyi eszközök kamatai és árfolyamnyeresége) K+;;;;;
;Társasági adó ráfordítás;891. Társasági adó ráfordítás (461. TAO kötelezettség) T+;461. TAO kötelezettség (891. Társasági adó ráfordítás ) K+;;;;;
;Társasági adó ráfordítás átvezetése;493. Adózott eredmény elszámolási számla (891. Társasági adó ráfordítás) T-;891. Társasági adó ráfordítás (493. Adózott eredmény elszámolási számla ) K-;;;;;
;Adózott eredmény átvezetése;419. Adózott eredmény (493. Adózott eredmény elszámolási számla) T-;493. Adózott eredmény elszámolási számla (419. Adózott eredmény) K+;;;;;
;Elõzetes áfa átvezetése;468.  Áfa pénzügyi elszámolása számla (466. Elõzetesen felszámított áfa) T-;466. Elõzetesen felszámított áfa (468. Áfa pénzügyi elszámolása) K+;;;;;
;Fizetendõ áfa átvezetése;467. Fizetendõ áfa (468. Áfa pénzügyi elszámolása számla) T-;468. Áfa pénzügyi elszámolása számla) (467. Fizetendõ áfa) K+;;;;;
;Áfa visszaigénylés;384. Elszámolási betétszámla (468. Áfa pénzügyi elszámolása számla) T+;468. Áfa pénzügyi elszámolási számla (384. Elszámolási betétszámla) K+;;;;;
IDÕBELI ELHATÁROLÁSOK;Bevételek aktív idõbeli elhatárolása (utólag számlázzuk ki a szolgáltatásunkat a vevõnek);391. Bevételek AIE (91-92. Belföldi értékestés nettó árbevétele) T+;91-92. Belföldi értékesítés nettó árbevétele (391. Bevételek AIE) K+;;;;;
;Bevételek passzív idõbeli elhatárolása (elõre számlázzuk ki a vevõnek a szolgáltatásunkat);91-92. Belföldi értékesítés nettó árbevétele (481. Bevételek PIE) T-;481. Bevételek PIE (91-92. Belföldi értékesítés nettó árbevétele) K+;;;;;
;Költségek és ráfordítások aktív idõbeli elhatárolása (ha a szállító elõre kiszámláz valamilyen költséget);392. Költségek, ráfordítások AIE (……… szolgáltatás) T+;……. szolgáltatás (392. Költségek, ráfordítások AIE) K-;;;;;
;Költségek és ráfordítások passzív idõbeli elhatárolása (ha a szállító utólag számláz ki valamilyen költséget);…… szolgáltatás (482. Költségek PIE) T-;482. Költségek PIE (…….szolgáltatás) K+;;;;;
EGYENES ÁFA                                                                             (Az eladó fizetendõ áfát tüntet fel a számláján, a vevõ elõzetesen felszámított áfát könyvel el.);Személygépkocsi beszerzés;161. Befejezetlen beruházások (454. Szállítók) T+;454. Szállítók (161. Befejezetlen beruházások) K+;;;;;
;Személygépkocsi beszerzés áfája (áfát nem szabad levonni, az autó bruttó ára képezi a bekerülési értéket);161. Befejezetlen beruházások (454. Szállítók) T+;454. Szállítók (161. Befejezetlen beruházások) K+;;;;;
;Igénybe vett szolgáltatás (étteremben ebéd készpénzben fizetve);5598. Reprezentációs költségek, étkezési hozzájárulás (381. Pénztár) T+;381. Pénztár (5598. Reprezentációs költségek, étkezési hozzájárulás) K-;;;;;
;Igénybe vett szolgáltatás áfája;5598. Reprezentációs költségek, étkezési hozzájárulás (381. Pénztár) T+;381. Pénztár (5598. Reprezentációs költségek, étkezési hozzájárulás) K-;;;;;
FORDÍTOTT ÁFA                                                                        (Az eladó a számláján nem tüntet fel áfát, hanem hivatkozik a fordított adózás szabályaira, a vevõ egy idõben fizetendõ áfát és elõzetesen felszámított áfát is lekönyvel. Pld. belföldön építõiparban, hulladékgazdálkodásban, EU-ban, EU-n kívül);Áruértékesítés belföldön;311. Vevõk (91-92. Belföldi értékesítés nettó árbevétele) T+;91-92. Belföldi értékesítés nettó árbevétele (311. Vevõk) K+;;;;;
;Beruházás;161. Befejezetlen beruházások (455. Beruházási szállítók) T+;455. Beruházási szállítók (161. Befejezetlen beruházások) K+;;;;;
;Beruházás áfája;466. Elõzetesen felszámított áfa (467. Fizetendõ áfa) T-;467. Fizetendõ áfa (466. Elõzetesen felszámított áfa) K+;;;;;
;Árubeszerzés EU-n belül;261. Nagykereskedelmi áruk (4542. Devizás szállítók) T+;4542. Devizás szállítók (261. Nagykereskedelmi áruk) K+;;;;;
;Árubeszerzés áfa;466. Elõzetesen felszámított áfa (467. Fizetendõ áfa) T-;467. Fizetendõ áfa (466. Elõzetesen felszámított áfa) K+;;;;;
;Áruértékesítés eladási áron EU-ba;317. Külföldi vevõk (93-94. Export értékesítés nettó árbevétele) T+;93-94. Export értékesítés nettó árbevétele (317. Külföldi vevõk) K+;;;;;
;Áruértékesítés eladási áron EU-n kívülre;317. Külföldi vevõk (93-94. Export értékesítés nettó árbevétele) T+;93-94. Export értékesítés nettó árbevétele (317. Külföldi vevõk) K+;;;;;
;Árubeszerzés EU-n kívülrõl (Vámhatósági eljárás, vámot és import áfát kell fizetni);261. Nagykereskedelmi áruk (4542. Devizás szállítók) T+;4542. Devizás szállítók (261. Nagykereskedelmi áruk) K+;;;;;
;Import vám;261. Nagykereskedelmi áruk (465. Vámhatósággal szembeni kötelezettségek) T +;465. Vámhatósággal szembeni kötelezettségek (261. Nagykereskedelmi áruk) K+;;;;;
;Import áfa;3683. Import beszerzések áfája (465. Vámhatósággal szembeni kötelezettségek) T+;465. Vámhatósággal szembeni kötelezettségek (3683. Import beszerzések áfája) K+;;;;;
;Vámhatósággal szembeni kötelezettségek;465. Vámhatósággal szembeni kötelezettségek (384. Elszámolási betétszámla) T-;384. Elszámolási betétszámla (465. Vámhatósággal szembeni kötelezettségek) K-;;;;;
;Import áfa levonásba helyezése;466. Elõzetesen felszámított áfa (3683. Import beszerzések áfája) T+;3683. Import beszerzések áfája (466. Elõzetesen felszámított áfa) K-;;;;;
;Szállítói kötelezettség kiegyenlítése;4542. Devizás szállítók (384. Elszámolási betétszámla) T-;384. Elszámolási betétszámla (4542. Devizás szállítók) K-;;;;;
BERUHÁZÁSOKRA ADOTT ELÕLEGEK ÉS BESZÁMÍTÁSUK;Beruházási elõleg terhelése (magába foglalja az áfát is);352. Beruházásra adott elõleg ( 384. Elszámolási betétszámla) T+;384. Elszámolási betétszámla (352. Beruházásra adott elõleg) K-;;;;;
;Beruházási elõleg áfája;466. Elõzetesen felszámított áfa (384. Elszámolási betétszámla) T-;384. Elszámolási betétszámla (466. Elõzetesen felszámított áfa) K-;;;;;
;Beruházásra adott elõleg visszavezetése;455. Beruházási szállítók (352. Beruházásra adott elõleg) T-;352. Beruházásra adott elõleg (455. Beruházási szállítók) K-;;;;;
;Beruházási elõleg áfája;455. Beruházási szállítók (466. Elõzetesen felszámított áfa) T-;466. Elõzetesen felszámított áfa (455. Beruházási szállítók) K+;;;;;
IMMATERIÁLIS JAVAKRA ADOTT ELÕLEGEK ÉS BESZÁMÍTÁSUK;Immateriális javakra adott elõleg terhelése;351. Immateriális javakra adott elõleg (384. Elszámolási betétszámla) T+;384. Elszámolási betétszámla (351. Immateriális javakra adott elõlegek) K-;;;;;
;Immateriális javakra adott elõleg áfája;466. Elõzetesen felszámított áfa (384. Elszámolási betétszámla) T-;384. Elszámolási betétszámla (466. Elõzetesen felszámított áfa) K-;;;;;
;Immateriális javakra adott elõleg visszavezetése;454. Szállítók (351. Immateriális javakra adott elõleg) T-;351. Immateriális javakra adott elõleg (454. Szállítók) K-;;;;;
;Immateriális javakra adott elõleg áfája;454. Szállítók (466. Elõzetesen felszámított áfa) T-;466. Elõzetesen felszámított áfa (454. Szállítók) K+;;;;;
ANYAG és ÁRUBESZERZÉSRE BESZERZÉSRE ADOTT ELÕLEGEK ÉS BESZÁMÍTÁSUK;Anyag és árubeszerzésre adott elõleg terhelése;353. Készletre adott elõleg (384. Elszámolási betétszámla) T+;384. Elszámolási betétszámla (353. Készletre adott elõleg) K-;;;;;
;Anyag és árubeszerzésre adott elõleg áfája;466. Elõzetesen felszámított áfa (384. Elszámolási betétszámla) T-;384. Elszámolási betétszámla (466. Elõzetesen felszámított áfa) K-;;;;;
;Anyag és árubeszerzésre adott elõleg visszavezetése;454. Szállítók (353. Készletre adott elõleg) T-;353. Készletre adott elõleg (454. Szállítók) K-;;;;;
;Anyag és árubeszerzésre adott elõleg áfája;454. Szállítók (466. Elõzetesen felszámított áfa) T-;466. Elõzetesen felszámított áfa (454. Szállítók) K+;;;;;
VEVÕTÕL KAPOTT ELÕLEGEK ÉS BESZÁMÍTÁSUK;Vevõtõl kapott elõleg;384. Elszámolási betétszámla (453. Vevõtõl kapott elõleg) T+;453. vevõtõl kapott elõleg (384. Elszámolási betétszámla) K+;;;;;
;Vevõtõl kapott elõleg áfája;3689. Különféle egyéb követelések (467. Elõzetesen felszámított áfa) T+;467. Elõzetesen felszámított áfa (3689. Különféle egyéb követelések) K+;;;;;
;Vevõtõl kapott elõleg visszavezetése;453. Vevõtõl kapott elõleg (311. Belföldi vevõk) T-;311. Belföldi vevõk (453. Vevõtõl kapott elõleg) K-;;;;;
;Vevõtõl kapott elõleg áfája;467. Fizetendõ áfa (3689. Különféle egyéb követelések) T-;3689. Különféle egyéb követelések (467. Fizetendõ áfa) K-;;;;;
MUNKAVÁLLALÓNAK ADOTT ELÕLEGEK ÉS BESZÁMÍTÁSUK;Munkavállalónak …….-re adott elõleg a pénztárból;3613. Egyéb elszámolások a munkavállalóval szemben (381. Pénztár) T+;381. Pénztár (3613. Egyéb elszámolások a munkavállalóval szemben) K-;;;;;
;Munkavállalónak adott elõleg visszavezetése;381. Pénztár (3613. Egyéb elszámolások a munkavállalóval szemben) T+;3613. Egyéb elszámolások a munkavállalóval szemben (381. Pénztár) K-;;;;;
OSZTALÉK FIZETÉSE;Osztalék kötelezettség;413. Eredménytartalék (459. Rövid lejáratú kötelezettségek) T-;459. Rövid lejáratú kötelezettség (413. Eredménytartalék) K+;;;;;
TÕKEEMELÉS;Pénz befizetése tõkeemelésre (cégbírósági bejegyzés elõtt rendelkezésre bocsátott tõkeelemek/vagyontárgyak);384. Elszámolási betét (479. Egyéb RLK) T+;479. Egyéb RLK (384. Elszámolási betétszámla) K+;;;;;
;Ingatlan apport (cégbírósági bejegyzés elõtt rendelkezésre bocsátott tõkeelemek/vagyontárgyak);161. Befejezetlen beruházások (479. Egyéb RLK) T+;479. Egyéb RLK (161. Befejezetlen beruházások) K+;;;;;
;Cégbejegyzési kérelem (jegyzett tõkét és ázsiót nem szabad könyvelni amíg a cégbírósági határozat nem áll a rendelkezésre);;;;;;;
;Pénz befizetése tõkeemelésre (cégbírósági bejegyzést követõen át kell vezetni a 479-rõl);384. Elszámolási betétszámla (479. Egyéb RLK) T+;479. Egyéb RLK (384. Elszámolási betétszámla) K+;;;;;
;Tõkeemelés (cégbírósági bejegyzést követõen át kell vezetni a 479-rõl);33. Jegyzett, de be nem fizetett tõke (411. Jegyzett tõke) T+;411. Jegyzett tõke (33. Jegyzett, de be nem fizetett tõke) K+;;;;;
;Ázsió (cégbírósági bejegyzést követõen át kell vezetni a 479-rõl);33. Jegyzett, de be nem fizetett tõke (412. Tõketartalék) T+;412. Tõketartalék (33. Jegyzett, de be nem fizetett tõke) K+;;;;;
;Tõkerendezés (cégbírósági bejegyzést követõen át kell vezetni);479. Egyéb RLK (33. Jegyzett, de be nem fizetett tõke) T;33. Jegyzett, de be nem fizetett tõke (479. Egyéb RLK) K-;;;;;
;Tõkerendezés;384. Elszámolási betétszámla (33. Jegyzett, de be nem fizetett tõke) T+;33. Jegyzett, de be nem fizetett tõke (384. Elszámolási betétszámla) K-;;;;;
SZÁLLÍTÓTÓL KAPOTT RABATT                              (valamilyen feltétel teljesítése esetén adjuk a kedvezményt, pld. nagyvevõnek);Szállítótól kapott rabatt;384. Elszámolási betétszámla (964. Utólag kapott, pénzügyileg rendezett engedmény) T+;964. Utólag kapott, pénzügyileg rendezett engedmény (384. Elszámolási betétszámla)  K+;;;;;
;Szállítótól kapott rabatt beszámítása;454. Szállítók (964. Utólag kapott, pénzügyileg rendezett engedmény) T-;964. Utólag kapott, pénzügyileg rendezett engedmény (454. Szállítók)  K+;;;;;
VEVÕNEK ADOTT RABATT;Vevõnek adott rabatt;384. Elszámolási betétszámla (864. Utólag adott, pénzügyileg rendezett engedmény) T-;864. Utólag adott, pénzügyileg rendezett engedmény (384. Elszámolási betétszámla) K-;;;;;
;Vevõnek adott rabatt beszámítása;864. Utólag adott, pénzügyileg rendezett engedmény (311. Vevõk) T-;311. vevõk (864. Utólag adott, pénzügyileg rendezett engedmény) K-;;;;;
SCONTO (pénzügyi teljesítés miatt adják);Szállítótól kapott sconto;454. Szállítók (979. Egyéb pénzügyi bevételek) T-;979. Egyéb pénzügyi bevételek (454. Szállítók) K+;;;;;
;Vevõnek adott sconto;879. Egyéb pénzügyi ráfordítások (311. Vevõk) T+;311. Vevõk (879. Egyéb pénzügyi ráfordítások) K-;;;;;
CÉLTARTALÉKOK ;Céltartalék képzése;865. Céltartalék képzése (421. Céltartalék a várható kötelezettségekre) T+;421. Céltartalék a várható kötelezettségekre (865. Céltartalék képzése) K+;;;;;
;Céltartalék feloldása;421. Céltartalék a várható kötelezettségekre (965. Céltartalék felhasználása) T-;965. Céltartalék felhasználása (421. Céltartalék a várható kötelezettségekre) K+;;;;;
DEVIZABETÉT ÁTÉRTÉKELÉSE;Devizabetét átértékelése (árfolyamnyereség);386. Devizabetét (976. Átváltási, értékeléskori árfolyamnyereség) T+;976. Átváltási, értékeléskori árfolyamnyereség (386. Devizabetét) K+;;;;;
;Devizabetét átértékelése (árfolyamveszteség);876. Átváltási, értékeléskori árfolyamveszteség (386. Devizabetét) T-;386. Devizabetét (876. Átváltási, értékeléskori árfolyamveszteség) K-;;;;;
VALUTAPÉNZTÁR ÁTÉRTÉKELÉSE;Valutapénztár átértékelése (árfolyamveszteség);382. Valutapénztár (976. Átváltási, értékeléskori árfolyamnyereség) T+;976. Átváltási, értékeléskori árfolyamnyereség (82. Valutapénztár) K+;;;;;
;Valutapénztár átértékelése (árfolyamveszteség);876. Átváltási, értékeléskori árfolyamveszteség (382. Valutapénztár) T-;382. Valutapénztár (876. Átváltási, értékeléskori árfolyamveszteség) K-;;;;;
DEVIZÁS VEVÕ ÁTÉRTÉKELÉSE;Devizás vevõk átértékelése (árfolyamnyereség);317. Devizás vevõk (976. Átváltási, értékeléskori árfolyamnyereség) T+;976. Átváltási, értékeléskori árfolyamnyereség (317. Devizás vevõk) K+;;;;;
;Devizás vevõk átértékelése (árfolyamveszteség);876. Átváltási, értékeléskori árfolyamveszteség (317. Devizás vevõk) T+;317. Devizás vevõk (876. Átváltási, értékeléskori árfolyamveszteség) K-;;;;;
DEVIZÁS SZÁLLÍTÓ ÁTÉRTÉKELÉSE;Devizás szállítók átértékelése (árfolyamnyereség);4542. Devizás szállítók (976. Átváltási, értékeléskori árfolyamnyereség) T-;976. Átváltási, értékeléskori árfolyamnyereség (4542. Devizás szállítók) K+;;;;;
;Devizás szállítók átértékelése (árfolyamveszteség);876. Átváltási, értékeléskori árfolyamveszteség (4542. Devizás szállítók) T-;4542. Devizás szállítók (876. Átváltási, értékeléskori árfolyamveszteség) K+;;;;;
DEVIZAHITEL ÁTÉRTÉKELÉSE;Devizahitel átértékelése (árfolyamnyereség);452. Devizahitel (976. Átváltási, értékeléskori árfolyamnyereség) T-;976. Átváltási, értékeléskori árfolyamnyereség (452. Devizahitel) K+;;;;;
;Devizahitel átértékelése (árfolyamveszteség);876. Átváltási, értékeléskori árfolyamveszteség (452. Devizahitel) T-;452. Devizahitel (876. Átváltási és értékeléskori árfolyamveszteség) K+;;;;;
DEVIZÁS TRANZAKCIÓK ÉV VÉGI ÁTÉRTÉKELÉSE                                          (A 3687. egy technikai számla, amit 0-ra kell zárni);Devizás vevõk átértékelése;3687. Árfolyamkülönbözetek elszámolási számla (317. Devizás vevõk) T+;317. Devizás vevõk (3687. Árfolyamkülönbözetek elszámolási számla) K-;;;;;
;Valutapénztár átértékelése;3687. Árfolyamkülönbözetek elszámolási számla (382. Valutapénztár) T+;382. Valutapénztár (3687. Árfolyamkülönbözetek elszámolási számla) K-;;;;;
;Devizabetét átértékelése;3687. Árfolyamkülönbözetek elszámolási számla (386. Devizabetét) T+;386. Devizabetét (3687. Árfolyamkülönbözetek elszámolási számla) K-;;;;;
;Devizahitel átértékelése;3687. Árfolyamkülönbözetek elszámolási számla (4542. Devizás szállítók) T+;4542. Devizás szállítók (3687. Árfolyamkülönbözetek elszámolási számla) K+;;;;;
;Devizás szállítók átértékelése;452. Devizahitel (3687. Árfolyamkülönbözetek elszámolási számla) T-;3687. Árfolyamkülönbözetek elszámolási számla (452. Devizahitel) K-;;;;;
;Árfolyamkülönbözet elvezetése (árfolyamveszteség);876. Átváltási, értékeléskori árfolyamveszteség (3687. Árfolyamkülönbözetek elszámolási számla) T+;3687. Árfolyamkülönbözetek elszámolási számla (876. Átváltási, értékeléskori árfolyamveszteség) K-;;;;;
;Árfolyamkülönbözet elvezetése (árfolyamnyereség);976. Átváltási, értékeléskori árfolyamnyereség (3687. Árfolyamkülönbözetek elszámolási számla) T-;3687. Árfolyamkülönbözetek elszámolási számla (976. Átváltási, értékeléskori árfolyamnyereség) K+;;;;;
